Run log: /home/eggi/Nextcloud/code/public_repos/camat_corpus/DdT_1/01_scheidt_tabulatura_nova_bsb00023110/measure_annotation_run_20260312_192845.log
Run report: /home/eggi/Nextcloud/code/public_repos/camat_corpus/DdT_1/01_scheidt_tabulatura_nova_bsb00023110/measure_annotation_run_20260312_192845.json
Processing bsb00023110_00004.mei
  skipped: bsb00023110_00004.mei has only 2 measure(s), below --minimum-measures=5
Processing bsb00023110_00011.mei
  uploading image: bsb00023110_00011.jpg
  detector returned HTTP 500; retrying (1/2) after 2.0s
  detector returned HTTP 500; retrying (2/2) after 2.0s
  ERROR: HTTP 500 from detector: Internal Server Error
Processing bsb00023110_00016.mei
  skipped: bsb00023110_00016.mei has only 3 measure(s), below --minimum-measures=5
Processing bsb00023110_00017.mei
  skipped: bsb00023110_00017.mei has only 2 measure(s), below --minimum-measures=5
Processing bsb00023110_00024.mei
  skipped: bsb00023110_00024.mei has only 4 measure(s), below --minimum-measures=5
Processing bsb00023110_00025.mei
  reusing annotations: bsb00023110_00025_measure_annotations.xml
  wrote integrated MEI: bsb00023110_00025_with_facs.mei
Processing bsb00023110_00025_with_facs.mei
  ERROR: No image found for bsb00023110_00025_with_facs.mei in /home/eggi/Nextcloud/code/public_repos/camat_corpus/DdT_1/01_scheidt_tabulatura_nova_bsb00023110/img with extensions ['.jpg', '.jpeg', '.png'].
Processing bsb00023110_00026.mei
  reusing annotations: bsb00023110_00026_measure_annotations.xml
  wrote integrated MEI: bsb00023110_00026_with_facs.mei
Processing bsb00023110_00026_with_facs.mei
  ERROR: No image found for bsb00023110_00026_with_facs.mei in /home/eggi/Nextcloud/code/public_repos/camat_corpus/DdT_1/01_scheidt_tabulatura_nova_bsb00023110/img with extensions ['.jpg', '.jpeg', '.png'].
Processing bsb00023110_00027.mei
  reusing annotations: bsb00023110_00027_measure_annotations.xml
  wrote integrated MEI: bsb00023110_00027_with_facs.mei
Processing bsb00023110_00027_with_facs.mei
  ERROR: No image found for bsb00023110_00027_with_facs.mei in /home/eggi/Nextcloud/code/public_repos/camat_corpus/DdT_1/01_scheidt_tabulatura_nova_bsb00023110/img with extensions ['.jpg', '.jpeg', '.png'].
Processing bsb00023110_00028.mei
  reusing annotations: bsb00023110_00028_measure_annotations.xml
  wrote integrated MEI: bsb00023110_00028_with_facs.mei
Processing bsb00023110_00028_with_facs.mei
  ERROR: No image found for bsb00023110_00028_with_facs.mei in /home/eggi/Nextcloud/code/public_repos/camat_corpus/DdT_1/01_scheidt_tabulatura_nova_bsb00023110/img with extensions ['.jpg', '.jpeg', '.png'].
Processing bsb00023110_00029.mei
  reusing annotations: bsb00023110_00029_measure_annotations.xml
  wrote integrated MEI: bsb00023110_00029_with_facs.mei
Processing bsb00023110_00029_with_facs.mei
  ERROR: No image found for bsb00023110_00029_with_facs.mei in /home/eggi/Nextcloud/code/public_repos/camat_corpus/DdT_1/01_scheidt_tabulatura_nova_bsb00023110/img with extensions ['.jpg', '.jpeg', '.png'].
Processing bsb00023110_00030.mei
  reusing annotations: bsb00023110_00030_measure_annotations.xml
  wrote integrated MEI: bsb00023110_00030_with_facs.mei
Processing bsb00023110_00030_with_facs.mei
  ERROR: No image found for bsb00023110_00030_with_facs.mei in /home/eggi/Nextcloud/code/public_repos/camat_corpus/DdT_1/01_scheidt_tabulatura_nova_bsb00023110/img with extensions ['.jpg', '.jpeg', '.png'].
Processing bsb00023110_00031.mei
  reusing annotations: bsb00023110_00031_measure_annotations.xml
  wrote integrated MEI: bsb00023110_00031_with_facs.mei
Processing bsb00023110_00032.mei
  reusing annotations: bsb00023110_00032_measure_annotations.xml
  wrote integrated MEI: bsb00023110_00032_with_facs.mei
Processing bsb00023110_00032_with_facs.mei
  ERROR: No image found for bsb00023110_00032_with_facs.mei in /home/eggi/Nextcloud/code/public_repos/camat_corpus/DdT_1/01_scheidt_tabulatura_nova_bsb00023110/img with extensions ['.jpg', '.jpeg', '.png'].
Processing bsb00023110_00033.mei
  reusing annotations: bsb00023110_00033_measure_annotations.xml
  wrote integrated MEI: bsb00023110_00033_with_facs.mei
Processing bsb00023110_00033_with_facs.mei
  ERROR: No image found for bsb00023110_00033_with_facs.mei in /home/eggi/Nextcloud/code/public_repos/camat_corpus/DdT_1/01_scheidt_tabulatura_nova_bsb00023110/img with extensions ['.jpg', '.jpeg', '.png'].
Processing bsb00023110_00034.mei
  reusing annotations: bsb00023110_00034_measure_annotations.xml
  wrote integrated MEI: bsb00023110_00034_with_facs.mei
Processing bsb00023110_00034_with_facs.mei
  ERROR: No image found for bsb00023110_00034_with_facs.mei in /home/eggi/Nextcloud/code/public_repos/camat_corpus/DdT_1/01_scheidt_tabulatura_nova_bsb00023110/img with extensions ['.jpg', '.jpeg', '.png'].
Processing bsb00023110_00035.mei
  reusing annotations: bsb00023110_00035_measure_annotations.xml
  wrote integrated MEI: bsb00023110_00035_with_facs.mei
Processing bsb00023110_00035_with_facs.mei
  ERROR: No image found for bsb00023110_00035_with_facs.mei in /home/eggi/Nextcloud/code/public_repos/camat_corpus/DdT_1/01_scheidt_tabulatura_nova_bsb00023110/img with extensions ['.jpg', '.jpeg', '.png'].
Processing bsb00023110_00036.mei
  reusing annotations: bsb00023110_00036_measure_annotations.xml
  wrote integrated MEI: bsb00023110_00036_with_facs.mei
Processing bsb00023110_00036_with_facs.mei
  ERROR: No image found for bsb00023110_00036_with_facs.mei in /home/eggi/Nextcloud/code/public_repos/camat_corpus/DdT_1/01_scheidt_tabulatura_nova_bsb00023110/img with extensions ['.jpg', '.jpeg', '.png'].
Processing bsb00023110_00037.mei
  reusing annotations: bsb00023110_00037_measure_annotations.xml
  wrote integrated MEI: bsb00023110_00037_with_facs.mei
Processing bsb00023110_00037_with_facs.mei
  ERROR: No image found for bsb00023110_00037_with_facs.mei in /home/eggi/Nextcloud/code/public_repos/camat_corpus/DdT_1/01_scheidt_tabulatura_nova_bsb00023110/img with extensions ['.jpg', '.jpeg', '.png'].
Processing bsb00023110_00038.mei
  reusing annotations: bsb00023110_00038_measure_annotations.xml
  wrote integrated MEI: bsb00023110_00038_with_facs.mei
Processing bsb00023110_00038_with_facs.mei
  ERROR: No image found for bsb00023110_00038_with_facs.mei in /home/eggi/Nextcloud/code/public_repos/camat_corpus/DdT_1/01_scheidt_tabulatura_nova_bsb00023110/img with extensions ['.jpg', '.jpeg', '.png'].
Processing bsb00023110_00039.mei
  reusing annotations: bsb00023110_00039_measure_annotations.xml
  wrote integrated MEI: bsb00023110_00039_with_facs.mei
Processing bsb00023110_00039_with_facs.mei
  ERROR: No image found for bsb00023110_00039_with_facs.mei in /home/eggi/Nextcloud/code/public_repos/camat_corpus/DdT_1/01_scheidt_tabulatura_nova_bsb00023110/img with extensions ['.jpg', '.jpeg', '.png'].
Processing bsb00023110_00040.mei
  reusing annotations: bsb00023110_00040_measure_annotations.xml
  wrote integrated MEI: bsb00023110_00040_with_facs.mei
Processing bsb00023110_00040_with_facs.mei
  ERROR: No image found for bsb00023110_00040_with_facs.mei in /home/eggi/Nextcloud/code/public_repos/camat_corpus/DdT_1/01_scheidt_tabulatura_nova_bsb00023110/img with extensions ['.jpg', '.jpeg', '.png'].
Processing bsb00023110_00041.mei
  reusing annotations: bsb00023110_00041_measure_annotations.xml
  wrote integrated MEI: bsb00023110_00041_with_facs.mei
Processing bsb00023110_00041_with_facs.mei
  ERROR: No image found for bsb00023110_00041_with_facs.mei in /home/eggi/Nextcloud/code/public_repos/camat_corpus/DdT_1/01_scheidt_tabulatura_nova_bsb00023110/img with extensions ['.jpg', '.jpeg', '.png'].
Processing bsb00023110_00042.mei
  reusing annotations: bsb00023110_00042_measure_annotations.xml
  wrote integrated MEI: bsb00023110_00042_with_facs.mei
Processing bsb00023110_00042_with_facs.mei
  ERROR: No image found for bsb00023110_00042_with_facs.mei in /home/eggi/Nextcloud/code/public_repos/camat_corpus/DdT_1/01_scheidt_tabulatura_nova_bsb00023110/img with extensions ['.jpg', '.jpeg', '.png'].
Processing bsb00023110_00043.mei
  reusing annotations: bsb00023110_00043_measure_annotations.xml
  wrote integrated MEI: bsb00023110_00043_with_facs.mei
Processing bsb00023110_00043_with_facs.mei
  ERROR: No image found for bsb00023110_00043_with_facs.mei in /home/eggi/Nextcloud/code/public_repos/camat_corpus/DdT_1/01_scheidt_tabulatura_nova_bsb00023110/img with extensions ['.jpg', '.jpeg', '.png'].
Processing bsb00023110_00044.mei
  reusing annotations: bsb00023110_00044_measure_annotations.xml
  wrote integrated MEI: bsb00023110_00044_with_facs.mei
Processing bsb00023110_00044_with_facs.mei
  ERROR: No image found for bsb00023110_00044_with_facs.mei in /home/eggi/Nextcloud/code/public_repos/camat_corpus/DdT_1/01_scheidt_tabulatura_nova_bsb00023110/img with extensions ['.jpg', '.jpeg', '.png'].
Processing bsb00023110_00045.mei
  reusing annotations: bsb00023110_00045_measure_annotations.xml
  wrote integrated MEI: bsb00023110_00045_with_facs.mei
Processing bsb00023110_00045_with_facs.mei
  ERROR: No image found for bsb00023110_00045_with_facs.mei in /home/eggi/Nextcloud/code/public_repos/camat_corpus/DdT_1/01_scheidt_tabulatura_nova_bsb00023110/img with extensions ['.jpg', '.jpeg', '.png'].
Processing bsb00023110_00046.mei
  reusing annotations: bsb00023110_00046_measure_annotations.xml
  ERROR: Measure numbering does not align between the source and annotations MEI. mismatch count=2, allowed=1; source count=44 numbers=[1, 2, 3, 4, ..., 41, 42, 43, 44]; annotations count=46 numbers=[1, 2, 3, 4, ..., 43, 44, 45, 46]
Processing bsb00023110_00047.mei
  reusing annotations: bsb00023110_00047_measure_annotations.xml
  wrote integrated MEI: bsb00023110_00047_with_facs.mei
Processing bsb00023110_00047_with_facs.mei
  ERROR: No image found for bsb00023110_00047_with_facs.mei in /home/eggi/Nextcloud/code/public_repos/camat_corpus/DdT_1/01_scheidt_tabulatura_nova_bsb00023110/img with extensions ['.jpg', '.jpeg', '.png'].
Processing bsb00023110_00048.mei
  reusing annotations: bsb00023110_00048_measure_annotations.xml
  wrote integrated MEI: bsb00023110_00048_with_facs.mei
Processing bsb00023110_00048_with_facs.mei
  ERROR: No image found for bsb00023110_00048_with_facs.mei in /home/eggi/Nextcloud/code/public_repos/camat_corpus/DdT_1/01_scheidt_tabulatura_nova_bsb00023110/img with extensions ['.jpg', '.jpeg', '.png'].
Processing bsb00023110_00049.mei
  reusing annotations: bsb00023110_00049_measure_annotations.xml
  wrote integrated MEI: bsb00023110_00049_with_facs.mei
Processing bsb00023110_00049_with_facs.mei
  ERROR: No image found for bsb00023110_00049_with_facs.mei in /home/eggi/Nextcloud/code/public_repos/camat_corpus/DdT_1/01_scheidt_tabulatura_nova_bsb00023110/img with extensions ['.jpg', '.jpeg', '.png'].
Processing bsb00023110_00050.mei
  reusing annotations: bsb00023110_00050_measure_annotations.xml
  wrote integrated MEI: bsb00023110_00050_with_facs.mei
Processing bsb00023110_00050_with_facs.mei
  ERROR: No image found for bsb00023110_00050_with_facs.mei in /home/eggi/Nextcloud/code/public_repos/camat_corpus/DdT_1/01_scheidt_tabulatura_nova_bsb00023110/img with extensions ['.jpg', '.jpeg', '.png'].
Processing bsb00023110_00051.mei
  reusing annotations: bsb00023110_00051_measure_annotations.xml
  wrote integrated MEI: bsb00023110_00051_with_facs.mei
Processing bsb00023110_00051_with_facs.mei
  ERROR: No image found for bsb00023110_00051_with_facs.mei in /home/eggi/Nextcloud/code/public_repos/camat_corpus/DdT_1/01_scheidt_tabulatura_nova_bsb00023110/img with extensions ['.jpg', '.jpeg', '.png'].
Processing bsb00023110_00052.mei
  reusing annotations: bsb00023110_00052_measure_annotations.xml
  wrote integrated MEI: bsb00023110_00052_with_facs.mei
Processing bsb00023110_00052_with_facs.mei
  ERROR: No image found for bsb00023110_00052_with_facs.mei in /home/eggi/Nextcloud/code/public_repos/camat_corpus/DdT_1/01_scheidt_tabulatura_nova_bsb00023110/img with extensions ['.jpg', '.jpeg', '.png'].
Processing bsb00023110_00053.mei
  reusing annotations: bsb00023110_00053_measure_annotations.xml
  wrote integrated MEI: bsb00023110_00053_with_facs.mei
Processing bsb00023110_00053_with_facs.mei
  ERROR: No image found for bsb00023110_00053_with_facs.mei in /home/eggi/Nextcloud/code/public_repos/camat_corpus/DdT_1/01_scheidt_tabulatura_nova_bsb00023110/img with extensions ['.jpg', '.jpeg', '.png'].
Processing bsb00023110_00054.mei
  reusing annotations: bsb00023110_00054_measure_annotations.xml
  wrote integrated MEI: bsb00023110_00054_with_facs.mei
Processing bsb00023110_00055.mei
  reusing annotations: bsb00023110_00055_measure_annotations.xml
  wrote integrated MEI: bsb00023110_00055_with_facs.mei
Processing bsb00023110_00056.mei
  reusing annotations: bsb00023110_00056_measure_annotations.xml
  wrote integrated MEI: bsb00023110_00056_with_facs.mei
Processing bsb00023110_00057.mei
  reusing annotations: bsb00023110_00057_measure_annotations.xml
  wrote integrated MEI: bsb00023110_00057_with_facs.mei
Processing bsb00023110_00057_with_facs.mei
  ERROR: No image found for bsb00023110_00057_with_facs.mei in /home/eggi/Nextcloud/code/public_repos/camat_corpus/DdT_1/01_scheidt_tabulatura_nova_bsb00023110/img with extensions ['.jpg', '.jpeg', '.png'].
Processing bsb00023110_00058.mei
  reusing annotations: bsb00023110_00058_measure_annotations.xml
  wrote integrated MEI: bsb00023110_00058_with_facs.mei
Processing bsb00023110_00059.mei
  reusing annotations: bsb00023110_00059_measure_annotations.xml
  wrote integrated MEI: bsb00023110_00059_with_facs.mei
Processing bsb00023110_00059_with_facs.mei
  ERROR: No image found for bsb00023110_00059_with_facs.mei in /home/eggi/Nextcloud/code/public_repos/camat_corpus/DdT_1/01_scheidt_tabulatura_nova_bsb00023110/img with extensions ['.jpg', '.jpeg', '.png'].
Processing bsb00023110_00060.mei
  reusing annotations: bsb00023110_00060_measure_annotations.xml
  wrote integrated MEI: bsb00023110_00060_with_facs.mei
Processing bsb00023110_00060_with_facs.mei
  ERROR: No image found for bsb00023110_00060_with_facs.mei in /home/eggi/Nextcloud/code/public_repos/camat_corpus/DdT_1/01_scheidt_tabulatura_nova_bsb00023110/img with extensions ['.jpg', '.jpeg', '.png'].
Processing bsb00023110_00061.mei
  reusing annotations: bsb00023110_00061_measure_annotations.xml
  wrote integrated MEI: bsb00023110_00061_with_facs.mei
Processing bsb00023110_00061_with_facs.mei
  ERROR: No image found for bsb00023110_00061_with_facs.mei in /home/eggi/Nextcloud/code/public_repos/camat_corpus/DdT_1/01_scheidt_tabulatura_nova_bsb00023110/img with extensions ['.jpg', '.jpeg', '.png'].
Processing bsb00023110_00062.mei
  reusing annotations: bsb00023110_00062_measure_annotations.xml
  wrote integrated MEI: bsb00023110_00062_with_facs.mei
Processing bsb00023110_00062_with_facs.mei
  ERROR: No image found for bsb00023110_00062_with_facs.mei in /home/eggi/Nextcloud/code/public_repos/camat_corpus/DdT_1/01_scheidt_tabulatura_nova_bsb00023110/img with extensions ['.jpg', '.jpeg', '.png'].
Processing bsb00023110_00063.mei
  reusing annotations: bsb00023110_00063_measure_annotations.xml
  wrote integrated MEI: bsb00023110_00063_with_facs.mei
Processing bsb00023110_00063_with_facs.mei
  ERROR: No image found for bsb00023110_00063_with_facs.mei in /home/eggi/Nextcloud/code/public_repos/camat_corpus/DdT_1/01_scheidt_tabulatura_nova_bsb00023110/img with extensions ['.jpg', '.jpeg', '.png'].
Processing bsb00023110_00064.mei
  reusing annotations: bsb00023110_00064_measure_annotations.xml
  wrote integrated MEI: bsb00023110_00064_with_facs.mei
Processing bsb00023110_00064_with_facs.mei
  ERROR: No image found for bsb00023110_00064_with_facs.mei in /home/eggi/Nextcloud/code/public_repos/camat_corpus/DdT_1/01_scheidt_tabulatura_nova_bsb00023110/img with extensions ['.jpg', '.jpeg', '.png'].
Processing bsb00023110_00065.mei
  reusing annotations: bsb00023110_00065_measure_annotations.xml
  wrote integrated MEI: bsb00023110_00065_with_facs.mei
Processing bsb00023110_00065_with_facs.mei
  ERROR: No image found for bsb00023110_00065_with_facs.mei in /home/eggi/Nextcloud/code/public_repos/camat_corpus/DdT_1/01_scheidt_tabulatura_nova_bsb00023110/img with extensions ['.jpg', '.jpeg', '.png'].
Processing bsb00023110_00066.mei
  reusing annotations: bsb00023110_00066_measure_annotations.xml
  wrote integrated MEI: bsb00023110_00066_with_facs.mei
Processing bsb00023110_00067.mei
  reusing annotations: bsb00023110_00067_measure_annotations.xml
  wrote integrated MEI: bsb00023110_00067_with_facs.mei
Processing bsb00023110_00067_with_facs.mei
  ERROR: No image found for bsb00023110_00067_with_facs.mei in /home/eggi/Nextcloud/code/public_repos/camat_corpus/DdT_1/01_scheidt_tabulatura_nova_bsb00023110/img with extensions ['.jpg', '.jpeg', '.png'].
Processing bsb00023110_00068.mei
  reusing annotations: bsb00023110_00068_measure_annotations.xml
  wrote integrated MEI: bsb00023110_00068_with_facs.mei
Processing bsb00023110_00068_with_facs.mei
  ERROR: No image found for bsb00023110_00068_with_facs.mei in /home/eggi/Nextcloud/code/public_repos/camat_corpus/DdT_1/01_scheidt_tabulatura_nova_bsb00023110/img with extensions ['.jpg', '.jpeg', '.png'].
Processing bsb00023110_00069.mei
  reusing annotations: bsb00023110_00069_measure_annotations.xml
  wrote integrated MEI: bsb00023110_00069_with_facs.mei
Processing bsb00023110_00070.mei
  reusing annotations: bsb00023110_00070_measure_annotations.xml
  ERROR: Measure numbering does not align between the source and annotations MEI. mismatch count=7, allowed=1; source count=48 numbers=[1, 2, 3, 4, ..., 45, 46, 47, 48]; annotations count=41 numbers=[1, 2, 3, 4, ..., 38, 39, 40, 41]
Processing bsb00023110_00071.mei
  reusing annotations: bsb00023110_00071_measure_annotations.xml
  ERROR: Measure numbering does not align between the source and annotations MEI. mismatch count=2, allowed=1; source count=32 numbers=[1, 2, 3, 4, ..., 29, 30, 31, 32]; annotations count=34 numbers=[1, 2, 3, 4, ..., 31, 32, 33, 34]
Processing bsb00023110_00072.mei
  reusing annotations: bsb00023110_00072_measure_annotations.xml
  wrote integrated MEI: bsb00023110_00072_with_facs.mei
Processing bsb00023110_00072_with_facs.mei
  ERROR: No image found for bsb00023110_00072_with_facs.mei in /home/eggi/Nextcloud/code/public_repos/camat_corpus/DdT_1/01_scheidt_tabulatura_nova_bsb00023110/img with extensions ['.jpg', '.jpeg', '.png'].
Processing bsb00023110_00073.mei
  reusing annotations: bsb00023110_00073_measure_annotations.xml
  wrote integrated MEI: bsb00023110_00073_with_facs.mei
Processing bsb00023110_00074.mei
  reusing annotations: bsb00023110_00074_measure_annotations.xml
  ERROR: Measure numbering does not align between the source and annotations MEI. mismatch count=3, allowed=1; source count=23 numbers=[1, 2, 3, 4, ..., 20, 21, 22, 23]; annotations count=26 numbers=[1, 2, 3, 4, ..., 23, 24, 25, 26]
Processing bsb00023110_00075.mei
  reusing annotations: bsb00023110_00075_measure_annotations.xml
  wrote integrated MEI: bsb00023110_00075_with_facs.mei
Processing bsb00023110_00075_with_facs.mei
  ERROR: No image found for bsb00023110_00075_with_facs.mei in /home/eggi/Nextcloud/code/public_repos/camat_corpus/DdT_1/01_scheidt_tabulatura_nova_bsb00023110/img with extensions ['.jpg', '.jpeg', '.png'].
Processing bsb00023110_00076.mei
  reusing annotations: bsb00023110_00076_measure_annotations.xml
  wrote integrated MEI: bsb00023110_00076_with_facs.mei
Processing bsb00023110_00076_with_facs.mei
  ERROR: No image found for bsb00023110_00076_with_facs.mei in /home/eggi/Nextcloud/code/public_repos/camat_corpus/DdT_1/01_scheidt_tabulatura_nova_bsb00023110/img with extensions ['.jpg', '.jpeg', '.png'].
Processing bsb00023110_00077.mei
  reusing annotations: bsb00023110_00077_measure_annotations.xml
  wrote integrated MEI: bsb00023110_00077_with_facs.mei
Processing bsb00023110_00077_with_facs.mei
  ERROR: No image found for bsb00023110_00077_with_facs.mei in /home/eggi/Nextcloud/code/public_repos/camat_corpus/DdT_1/01_scheidt_tabulatura_nova_bsb00023110/img with extensions ['.jpg', '.jpeg', '.png'].
Processing bsb00023110_00078.mei
  reusing annotations: bsb00023110_00078_measure_annotations.xml
  wrote integrated MEI: bsb00023110_00078_with_facs.mei
Processing bsb00023110_00078_with_facs.mei
  ERROR: No image found for bsb00023110_00078_with_facs.mei in /home/eggi/Nextcloud/code/public_repos/camat_corpus/DdT_1/01_scheidt_tabulatura_nova_bsb00023110/img with extensions ['.jpg', '.jpeg', '.png'].
Processing bsb00023110_00079.mei
  reusing annotations: bsb00023110_00079_measure_annotations.xml
  wrote integrated MEI: bsb00023110_00079_with_facs.mei
Processing bsb00023110_00079_with_facs.mei
  ERROR: No image found for bsb00023110_00079_with_facs.mei in /home/eggi/Nextcloud/code/public_repos/camat_corpus/DdT_1/01_scheidt_tabulatura_nova_bsb00023110/img with extensions ['.jpg', '.jpeg', '.png'].
Processing bsb00023110_00080.mei
  reusing annotations: bsb00023110_00080_measure_annotations.xml
  wrote integrated MEI: bsb00023110_00080_with_facs.mei
Processing bsb00023110_00080_with_facs.mei
  ERROR: No image found for bsb00023110_00080_with_facs.mei in /home/eggi/Nextcloud/code/public_repos/camat_corpus/DdT_1/01_scheidt_tabulatura_nova_bsb00023110/img with extensions ['.jpg', '.jpeg', '.png'].
Processing bsb00023110_00081.mei
  reusing annotations: bsb00023110_00081_measure_annotations.xml
  wrote integrated MEI: bsb00023110_00081_with_facs.mei
Processing bsb00023110_00081_with_facs.mei
  ERROR: No image found for bsb00023110_00081_with_facs.mei in /home/eggi/Nextcloud/code/public_repos/camat_corpus/DdT_1/01_scheidt_tabulatura_nova_bsb00023110/img with extensions ['.jpg', '.jpeg', '.png'].
Processing bsb00023110_00082.mei
  reusing annotations: bsb00023110_00082_measure_annotations.xml
  wrote integrated MEI: bsb00023110_00082_with_facs.mei
Processing bsb00023110_00082_with_facs.mei
  ERROR: No image found for bsb00023110_00082_with_facs.mei in /home/eggi/Nextcloud/code/public_repos/camat_corpus/DdT_1/01_scheidt_tabulatura_nova_bsb00023110/img with extensions ['.jpg', '.jpeg', '.png'].
Processing bsb00023110_00083.mei
  reusing annotations: bsb00023110_00083_measure_annotations.xml
  wrote integrated MEI: bsb00023110_00083_with_facs.mei
Processing bsb00023110_00083_with_facs.mei
  ERROR: No image found for bsb00023110_00083_with_facs.mei in /home/eggi/Nextcloud/code/public_repos/camat_corpus/DdT_1/01_scheidt_tabulatura_nova_bsb00023110/img with extensions ['.jpg', '.jpeg', '.png'].
Processing bsb00023110_00084.mei
  reusing annotations: bsb00023110_00084_measure_annotations.xml
  wrote integrated MEI: bsb00023110_00084_with_facs.mei
Processing bsb00023110_00085.mei
  reusing annotations: bsb00023110_00085_measure_annotations.xml
  wrote integrated MEI: bsb00023110_00085_with_facs.mei
Processing bsb00023110_00085_with_facs.mei
  ERROR: No image found for bsb00023110_00085_with_facs.mei in /home/eggi/Nextcloud/code/public_repos/camat_corpus/DdT_1/01_scheidt_tabulatura_nova_bsb00023110/img with extensions ['.jpg', '.jpeg', '.png'].
Processing bsb00023110_00086.mei
  reusing annotations: bsb00023110_00086_measure_annotations.xml
  wrote integrated MEI: bsb00023110_00086_with_facs.mei
Processing bsb00023110_00086_with_facs.mei
  ERROR: No image found for bsb00023110_00086_with_facs.mei in /home/eggi/Nextcloud/code/public_repos/camat_corpus/DdT_1/01_scheidt_tabulatura_nova_bsb00023110/img with extensions ['.jpg', '.jpeg', '.png'].
Processing bsb00023110_00087.mei
  reusing annotations: bsb00023110_00087_measure_annotations.xml
  wrote integrated MEI: bsb00023110_00087_with_facs.mei
Processing bsb00023110_00087_with_facs.mei
  ERROR: No image found for bsb00023110_00087_with_facs.mei in /home/eggi/Nextcloud/code/public_repos/camat_corpus/DdT_1/01_scheidt_tabulatura_nova_bsb00023110/img with extensions ['.jpg', '.jpeg', '.png'].
Processing bsb00023110_00088.mei
  reusing annotations: bsb00023110_00088_measure_annotations.xml
  wrote integrated MEI: bsb00023110_00088_with_facs.mei
Processing bsb00023110_00089.mei
  reusing annotations: bsb00023110_00089_measure_annotations.xml
  wrote integrated MEI: bsb00023110_00089_with_facs.mei
Processing bsb00023110_00089_with_facs.mei
  ERROR: No image found for bsb00023110_00089_with_facs.mei in /home/eggi/Nextcloud/code/public_repos/camat_corpus/DdT_1/01_scheidt_tabulatura_nova_bsb00023110/img with extensions ['.jpg', '.jpeg', '.png'].
Processing bsb00023110_00090.mei
  reusing annotations: bsb00023110_00090_measure_annotations.xml
  wrote integrated MEI: bsb00023110_00090_with_facs.mei
Processing bsb00023110_00090_with_facs.mei
  ERROR: No image found for bsb00023110_00090_with_facs.mei in /home/eggi/Nextcloud/code/public_repos/camat_corpus/DdT_1/01_scheidt_tabulatura_nova_bsb00023110/img with extensions ['.jpg', '.jpeg', '.png'].
Processing bsb00023110_00091.mei
  reusing annotations: bsb00023110_00091_measure_annotations.xml
  wrote integrated MEI: bsb00023110_00091_with_facs.mei
Processing bsb00023110_00091_with_facs.mei
  ERROR: No image found for bsb00023110_00091_with_facs.mei in /home/eggi/Nextcloud/code/public_repos/camat_corpus/DdT_1/01_scheidt_tabulatura_nova_bsb00023110/img with extensions ['.jpg', '.jpeg', '.png'].
Processing bsb00023110_00092.mei
  reusing annotations: bsb00023110_00092_measure_annotations.xml
  wrote integrated MEI: bsb00023110_00092_with_facs.mei
Processing bsb00023110_00092_with_facs.mei
  ERROR: No image found for bsb00023110_00092_with_facs.mei in /home/eggi/Nextcloud/code/public_repos/camat_corpus/DdT_1/01_scheidt_tabulatura_nova_bsb00023110/img with extensions ['.jpg', '.jpeg', '.png'].
Processing bsb00023110_00093.mei
  reusing annotations: bsb00023110_00093_measure_annotations.xml
  wrote integrated MEI: bsb00023110_00093_with_facs.mei
Processing bsb00023110_00093_with_facs.mei
  ERROR: No image found for bsb00023110_00093_with_facs.mei in /home/eggi/Nextcloud/code/public_repos/camat_corpus/DdT_1/01_scheidt_tabulatura_nova_bsb00023110/img with extensions ['.jpg', '.jpeg', '.png'].
Processing bsb00023110_00094.mei
  reusing annotations: bsb00023110_00094_measure_annotations.xml
  wrote integrated MEI: bsb00023110_00094_with_facs.mei
Processing bsb00023110_00094_with_facs.mei
  ERROR: No image found for bsb00023110_00094_with_facs.mei in /home/eggi/Nextcloud/code/public_repos/camat_corpus/DdT_1/01_scheidt_tabulatura_nova_bsb00023110/img with extensions ['.jpg', '.jpeg', '.png'].
Processing bsb00023110_00095.mei
  reusing annotations: bsb00023110_00095_measure_annotations.xml
  wrote integrated MEI: bsb00023110_00095_with_facs.mei
Processing bsb00023110_00095_with_facs.mei
  ERROR: No image found for bsb00023110_00095_with_facs.mei in /home/eggi/Nextcloud/code/public_repos/camat_corpus/DdT_1/01_scheidt_tabulatura_nova_bsb00023110/img with extensions ['.jpg', '.jpeg', '.png'].
Processing bsb00023110_00096.mei
  reusing annotations: bsb00023110_00096_measure_annotations.xml
  wrote integrated MEI: bsb00023110_00096_with_facs.mei
Processing bsb00023110_00096_with_facs.mei
  ERROR: No image found for bsb00023110_00096_with_facs.mei in /home/eggi/Nextcloud/code/public_repos/camat_corpus/DdT_1/01_scheidt_tabulatura_nova_bsb00023110/img with extensions ['.jpg', '.jpeg', '.png'].
Processing bsb00023110_00097.mei
  reusing annotations: bsb00023110_00097_measure_annotations.xml
  wrote integrated MEI: bsb00023110_00097_with_facs.mei
Processing bsb00023110_00097_with_facs.mei
  ERROR: No image found for bsb00023110_00097_with_facs.mei in /home/eggi/Nextcloud/code/public_repos/camat_corpus/DdT_1/01_scheidt_tabulatura_nova_bsb00023110/img with extensions ['.jpg', '.jpeg', '.png'].
Processing bsb00023110_00098.mei
  reusing annotations: bsb00023110_00098_measure_annotations.xml
  wrote integrated MEI: bsb00023110_00098_with_facs.mei
Processing bsb00023110_00099.mei
  reusing annotations: bsb00023110_00099_measure_annotations.xml
  wrote integrated MEI: bsb00023110_00099_with_facs.mei
Processing bsb00023110_00099_with_facs.mei
  ERROR: No image found for bsb00023110_00099_with_facs.mei in /home/eggi/Nextcloud/code/public_repos/camat_corpus/DdT_1/01_scheidt_tabulatura_nova_bsb00023110/img with extensions ['.jpg', '.jpeg', '.png'].
Processing bsb00023110_00100.mei
  reusing annotations: bsb00023110_00100_measure_annotations.xml
  wrote integrated MEI: bsb00023110_00100_with_facs.mei
Processing bsb00023110_00100_with_facs.mei
  ERROR: No image found for bsb00023110_00100_with_facs.mei in /home/eggi/Nextcloud/code/public_repos/camat_corpus/DdT_1/01_scheidt_tabulatura_nova_bsb00023110/img with extensions ['.jpg', '.jpeg', '.png'].
Processing bsb00023110_00101.mei
  reusing annotations: bsb00023110_00101_measure_annotations.xml
  wrote integrated MEI: bsb00023110_00101_with_facs.mei
Processing bsb00023110_00101_with_facs.mei
  ERROR: No image found for bsb00023110_00101_with_facs.mei in /home/eggi/Nextcloud/code/public_repos/camat_corpus/DdT_1/01_scheidt_tabulatura_nova_bsb00023110/img with extensions ['.jpg', '.jpeg', '.png'].
Processing bsb00023110_00102.mei
  reusing annotations: bsb00023110_00102_measure_annotations.xml
  wrote integrated MEI: bsb00023110_00102_with_facs.mei
Processing bsb00023110_00102_with_facs.mei
  ERROR: No image found for bsb00023110_00102_with_facs.mei in /home/eggi/Nextcloud/code/public_repos/camat_corpus/DdT_1/01_scheidt_tabulatura_nova_bsb00023110/img with extensions ['.jpg', '.jpeg', '.png'].
Processing bsb00023110_00103.mei
  reusing annotations: bsb00023110_00103_measure_annotations.xml
  wrote integrated MEI: bsb00023110_00103_with_facs.mei
Processing bsb00023110_00103_with_facs.mei
  ERROR: No image found for bsb00023110_00103_with_facs.mei in /home/eggi/Nextcloud/code/public_repos/camat_corpus/DdT_1/01_scheidt_tabulatura_nova_bsb00023110/img with extensions ['.jpg', '.jpeg', '.png'].
Processing bsb00023110_00107.mei
  skipped: bsb00023110_00107.mei has only 1 measure(s), below --minimum-measures=5
Processing bsb00023110_00108.mei
  reusing annotations: bsb00023110_00108_measure_annotations.xml
  ERROR: Measure numbering does not align between the source and annotations MEI. mismatch count=4, allowed=1; source count=9 numbers=[1, 2, 3, 4, ..., 6, 7, 8, 9]; annotations count=5 numbers=[1, 2, 3, 4, 5]
Processing bsb00023110_00109.mei
  reusing annotations: bsb00023110_00109_measure_annotations.xml
  wrote integrated MEI: bsb00023110_00109_with_facs.mei
Processing bsb00023110_00110.mei
  reusing annotations: bsb00023110_00110_measure_annotations.xml
  wrote integrated MEI: bsb00023110_00110_with_facs.mei
Processing bsb00023110_00110_with_facs.mei
  ERROR: No image found for bsb00023110_00110_with_facs.mei in /home/eggi/Nextcloud/code/public_repos/camat_corpus/DdT_1/01_scheidt_tabulatura_nova_bsb00023110/img with extensions ['.jpg', '.jpeg', '.png'].
Processing bsb00023110_00111.mei
  reusing annotations: bsb00023110_00111_measure_annotations.xml
  wrote integrated MEI: bsb00023110_00111_with_facs.mei
Processing bsb00023110_00111_with_facs.mei
  ERROR: No image found for bsb00023110_00111_with_facs.mei in /home/eggi/Nextcloud/code/public_repos/camat_corpus/DdT_1/01_scheidt_tabulatura_nova_bsb00023110/img with extensions ['.jpg', '.jpeg', '.png'].
Processing bsb00023110_00112.mei
  reusing annotations: bsb00023110_00112_measure_annotations.xml
  wrote integrated MEI: bsb00023110_00112_with_facs.mei
Processing bsb00023110_00112_with_facs.mei
  ERROR: No image found for bsb00023110_00112_with_facs.mei in /home/eggi/Nextcloud/code/public_repos/camat_corpus/DdT_1/01_scheidt_tabulatura_nova_bsb00023110/img with extensions ['.jpg', '.jpeg', '.png'].
Processing bsb00023110_00113.mei
  reusing annotations: bsb00023110_00113_measure_annotations.xml
  wrote integrated MEI: bsb00023110_00113_with_facs.mei
Processing bsb00023110_00113_with_facs.mei
  ERROR: No image found for bsb00023110_00113_with_facs.mei in /home/eggi/Nextcloud/code/public_repos/camat_corpus/DdT_1/01_scheidt_tabulatura_nova_bsb00023110/img with extensions ['.jpg', '.jpeg', '.png'].
Processing bsb00023110_00114.mei
  reusing annotations: bsb00023110_00114_measure_annotations.xml
  wrote integrated MEI: bsb00023110_00114_with_facs.mei
Processing bsb00023110_00115.mei
  reusing annotations: bsb00023110_00115_measure_annotations.xml
  wrote integrated MEI: bsb00023110_00115_with_facs.mei
Processing bsb00023110_00115_with_facs.mei
  ERROR: No image found for bsb00023110_00115_with_facs.mei in /home/eggi/Nextcloud/code/public_repos/camat_corpus/DdT_1/01_scheidt_tabulatura_nova_bsb00023110/img with extensions ['.jpg', '.jpeg', '.png'].
Processing bsb00023110_00116.mei
  reusing annotations: bsb00023110_00116_measure_annotations.xml
  wrote integrated MEI: bsb00023110_00116_with_facs.mei
Processing bsb00023110_00117.mei
  reusing annotations: bsb00023110_00117_measure_annotations.xml
  wrote integrated MEI: bsb00023110_00117_with_facs.mei
Processing bsb00023110_00117_with_facs.mei
  ERROR: No image found for bsb00023110_00117_with_facs.mei in /home/eggi/Nextcloud/code/public_repos/camat_corpus/DdT_1/01_scheidt_tabulatura_nova_bsb00023110/img with extensions ['.jpg', '.jpeg', '.png'].
Processing bsb00023110_00118.mei
  reusing annotations: bsb00023110_00118_measure_annotations.xml
  wrote integrated MEI: bsb00023110_00118_with_facs.mei
Processing bsb00023110_00118_with_facs.mei
  ERROR: No image found for bsb00023110_00118_with_facs.mei in /home/eggi/Nextcloud/code/public_repos/camat_corpus/DdT_1/01_scheidt_tabulatura_nova_bsb00023110/img with extensions ['.jpg', '.jpeg', '.png'].
Processing bsb00023110_00119.mei
  reusing annotations: bsb00023110_00119_measure_annotations.xml
  wrote integrated MEI: bsb00023110_00119_with_facs.mei
Processing bsb00023110_00119_with_facs.mei
  ERROR: No image found for bsb00023110_00119_with_facs.mei in /home/eggi/Nextcloud/code/public_repos/camat_corpus/DdT_1/01_scheidt_tabulatura_nova_bsb00023110/img with extensions ['.jpg', '.jpeg', '.png'].
Processing bsb00023110_00120.mei
  reusing annotations: bsb00023110_00120_measure_annotations.xml
  wrote integrated MEI: bsb00023110_00120_with_facs.mei
Processing bsb00023110_00120_with_facs.mei
  ERROR: No image found for bsb00023110_00120_with_facs.mei in /home/eggi/Nextcloud/code/public_repos/camat_corpus/DdT_1/01_scheidt_tabulatura_nova_bsb00023110/img with extensions ['.jpg', '.jpeg', '.png'].
Processing bsb00023110_00121.mei
  reusing annotations: bsb00023110_00121_measure_annotations.xml
  wrote integrated MEI: bsb00023110_00121_with_facs.mei
Processing bsb00023110_00121_with_facs.mei
  ERROR: No image found for bsb00023110_00121_with_facs.mei in /home/eggi/Nextcloud/code/public_repos/camat_corpus/DdT_1/01_scheidt_tabulatura_nova_bsb00023110/img with extensions ['.jpg', '.jpeg', '.png'].
Processing bsb00023110_00122.mei
  reusing annotations: bsb00023110_00122_measure_annotations.xml
  wrote integrated MEI: bsb00023110_00122_with_facs.mei
Processing bsb00023110_00122_with_facs.mei
  ERROR: No image found for bsb00023110_00122_with_facs.mei in /home/eggi/Nextcloud/code/public_repos/camat_corpus/DdT_1/01_scheidt_tabulatura_nova_bsb00023110/img with extensions ['.jpg', '.jpeg', '.png'].
Processing bsb00023110_00123.mei
  reusing annotations: bsb00023110_00123_measure_annotations.xml
  wrote integrated MEI: bsb00023110_00123_with_facs.mei
Processing bsb00023110_00123_with_facs.mei
  ERROR: No image found for bsb00023110_00123_with_facs.mei in /home/eggi/Nextcloud/code/public_repos/camat_corpus/DdT_1/01_scheidt_tabulatura_nova_bsb00023110/img with extensions ['.jpg', '.jpeg', '.png'].
Processing bsb00023110_00124.mei
  reusing annotations: bsb00023110_00124_measure_annotations.xml
  wrote integrated MEI: bsb00023110_00124_with_facs.mei
Processing bsb00023110_00124_with_facs.mei
  ERROR: No image found for bsb00023110_00124_with_facs.mei in /home/eggi/Nextcloud/code/public_repos/camat_corpus/DdT_1/01_scheidt_tabulatura_nova_bsb00023110/img with extensions ['.jpg', '.jpeg', '.png'].
Processing bsb00023110_00125.mei
  reusing annotations: bsb00023110_00125_measure_annotations.xml
  wrote integrated MEI: bsb00023110_00125_with_facs.mei
Processing bsb00023110_00125_with_facs.mei
  ERROR: No image found for bsb00023110_00125_with_facs.mei in /home/eggi/Nextcloud/code/public_repos/camat_corpus/DdT_1/01_scheidt_tabulatura_nova_bsb00023110/img with extensions ['.jpg', '.jpeg', '.png'].
Processing bsb00023110_00126.mei
  reusing annotations: bsb00023110_00126_measure_annotations.xml
  wrote integrated MEI: bsb00023110_00126_with_facs.mei
Processing bsb00023110_00126_with_facs.mei
  ERROR: No image found for bsb00023110_00126_with_facs.mei in /home/eggi/Nextcloud/code/public_repos/camat_corpus/DdT_1/01_scheidt_tabulatura_nova_bsb00023110/img with extensions ['.jpg', '.jpeg', '.png'].
Processing bsb00023110_00127.mei
  reusing annotations: bsb00023110_00127_measure_annotations.xml
  wrote integrated MEI: bsb00023110_00127_with_facs.mei
Processing bsb00023110_00127_with_facs.mei
  ERROR: No image found for bsb00023110_00127_with_facs.mei in /home/eggi/Nextcloud/code/public_repos/camat_corpus/DdT_1/01_scheidt_tabulatura_nova_bsb00023110/img with extensions ['.jpg', '.jpeg', '.png'].
Processing bsb00023110_00128.mei
  reusing annotations: bsb00023110_00128_measure_annotations.xml
  wrote integrated MEI: bsb00023110_00128_with_facs.mei
Processing bsb00023110_00129.mei
  reusing annotations: bsb00023110_00129_measure_annotations.xml
  wrote integrated MEI: bsb00023110_00129_with_facs.mei
Processing bsb00023110_00129_with_facs.mei
  ERROR: No image found for bsb00023110_00129_with_facs.mei in /home/eggi/Nextcloud/code/public_repos/camat_corpus/DdT_1/01_scheidt_tabulatura_nova_bsb00023110/img with extensions ['.jpg', '.jpeg', '.png'].
Processing bsb00023110_00130.mei
  reusing annotations: bsb00023110_00130_measure_annotations.xml
  wrote integrated MEI: bsb00023110_00130_with_facs.mei
Processing bsb00023110_00130_with_facs.mei
  ERROR: No image found for bsb00023110_00130_with_facs.mei in /home/eggi/Nextcloud/code/public_repos/camat_corpus/DdT_1/01_scheidt_tabulatura_nova_bsb00023110/img with extensions ['.jpg', '.jpeg', '.png'].
Processing bsb00023110_00131.mei
  reusing annotations: bsb00023110_00131_measure_annotations.xml
  wrote integrated MEI: bsb00023110_00131_with_facs.mei
Processing bsb00023110_00131_with_facs.mei
  ERROR: No image found for bsb00023110_00131_with_facs.mei in /home/eggi/Nextcloud/code/public_repos/camat_corpus/DdT_1/01_scheidt_tabulatura_nova_bsb00023110/img with extensions ['.jpg', '.jpeg', '.png'].
Processing bsb00023110_00132.mei
  reusing annotations: bsb00023110_00132_measure_annotations.xml
  wrote integrated MEI: bsb00023110_00132_with_facs.mei
Processing bsb00023110_00132_with_facs.mei
  ERROR: No image found for bsb00023110_00132_with_facs.mei in /home/eggi/Nextcloud/code/public_repos/camat_corpus/DdT_1/01_scheidt_tabulatura_nova_bsb00023110/img with extensions ['.jpg', '.jpeg', '.png'].
Processing bsb00023110_00133.mei
  reusing annotations: bsb00023110_00133_measure_annotations.xml
  wrote integrated MEI: bsb00023110_00133_with_facs.mei
Processing bsb00023110_00133_with_facs.mei
  ERROR: No image found for bsb00023110_00133_with_facs.mei in /home/eggi/Nextcloud/code/public_repos/camat_corpus/DdT_1/01_scheidt_tabulatura_nova_bsb00023110/img with extensions ['.jpg', '.jpeg', '.png'].
Processing bsb00023110_00134.mei
  reusing annotations: bsb00023110_00134_measure_annotations.xml
  wrote integrated MEI: bsb00023110_00134_with_facs.mei
Processing bsb00023110_00134_with_facs.mei
  ERROR: No image found for bsb00023110_00134_with_facs.mei in /home/eggi/Nextcloud/code/public_repos/camat_corpus/DdT_1/01_scheidt_tabulatura_nova_bsb00023110/img with extensions ['.jpg', '.jpeg', '.png'].
Processing bsb00023110_00135.mei
  reusing annotations: bsb00023110_00135_measure_annotations.xml
  wrote integrated MEI: bsb00023110_00135_with_facs.mei
Processing bsb00023110_00135_with_facs.mei
  ERROR: No image found for bsb00023110_00135_with_facs.mei in /home/eggi/Nextcloud/code/public_repos/camat_corpus/DdT_1/01_scheidt_tabulatura_nova_bsb00023110/img with extensions ['.jpg', '.jpeg', '.png'].
Processing bsb00023110_00136.mei
  reusing annotations: bsb00023110_00136_measure_annotations.xml
  wrote integrated MEI: bsb00023110_00136_with_facs.mei
Processing bsb00023110_00136_with_facs.mei
  ERROR: No image found for bsb00023110_00136_with_facs.mei in /home/eggi/Nextcloud/code/public_repos/camat_corpus/DdT_1/01_scheidt_tabulatura_nova_bsb00023110/img with extensions ['.jpg', '.jpeg', '.png'].
Processing bsb00023110_00137.mei
  reusing annotations: bsb00023110_00137_measure_annotations.xml
  ERROR: Measure numbering does not align between the source and annotations MEI. mismatch count=2, allowed=1; source count=34 numbers=[1, 2, 3, 4, ..., 31, 32, 33, 34]; annotations count=36 numbers=[1, 2, 3, 4, ..., 33, 34, 35, 36]
Processing bsb00023110_00138.mei
  reusing annotations: bsb00023110_00138_measure_annotations.xml
  wrote integrated MEI: bsb00023110_00138_with_facs.mei
Processing bsb00023110_00138_with_facs.mei
  ERROR: No image found for bsb00023110_00138_with_facs.mei in /home/eggi/Nextcloud/code/public_repos/camat_corpus/DdT_1/01_scheidt_tabulatura_nova_bsb00023110/img with extensions ['.jpg', '.jpeg', '.png'].
Processing bsb00023110_00139.mei
  reusing annotations: bsb00023110_00139_measure_annotations.xml
  wrote integrated MEI: bsb00023110_00139_with_facs.mei
Processing bsb00023110_00139_with_facs.mei
  ERROR: No image found for bsb00023110_00139_with_facs.mei in /home/eggi/Nextcloud/code/public_repos/camat_corpus/DdT_1/01_scheidt_tabulatura_nova_bsb00023110/img with extensions ['.jpg', '.jpeg', '.png'].
Processing bsb00023110_00140.mei
  reusing annotations: bsb00023110_00140_measure_annotations.xml
  wrote integrated MEI: bsb00023110_00140_with_facs.mei
Processing bsb00023110_00140_with_facs.mei
  ERROR: No image found for bsb00023110_00140_with_facs.mei in /home/eggi/Nextcloud/code/public_repos/camat_corpus/DdT_1/01_scheidt_tabulatura_nova_bsb00023110/img with extensions ['.jpg', '.jpeg', '.png'].
Processing bsb00023110_00141.mei
  reusing annotations: bsb00023110_00141_measure_annotations.xml
  wrote integrated MEI: bsb00023110_00141_with_facs.mei
Processing bsb00023110_00142.mei
  reusing annotations: bsb00023110_00142_measure_annotations.xml
  wrote integrated MEI: bsb00023110_00142_with_facs.mei
Processing bsb00023110_00142_with_facs.mei
  ERROR: No image found for bsb00023110_00142_with_facs.mei in /home/eggi/Nextcloud/code/public_repos/camat_corpus/DdT_1/01_scheidt_tabulatura_nova_bsb00023110/img with extensions ['.jpg', '.jpeg', '.png'].
Processing bsb00023110_00143.mei
  reusing annotations: bsb00023110_00143_measure_annotations.xml
  wrote integrated MEI: bsb00023110_00143_with_facs.mei
Processing bsb00023110_00143_with_facs.mei
  ERROR: No image found for bsb00023110_00143_with_facs.mei in /home/eggi/Nextcloud/code/public_repos/camat_corpus/DdT_1/01_scheidt_tabulatura_nova_bsb00023110/img with extensions ['.jpg', '.jpeg', '.png'].
Processing bsb00023110_00144.mei
  reusing annotations: bsb00023110_00144_measure_annotations.xml
  wrote integrated MEI: bsb00023110_00144_with_facs.mei
Processing bsb00023110_00144_with_facs.mei
  ERROR: No image found for bsb00023110_00144_with_facs.mei in /home/eggi/Nextcloud/code/public_repos/camat_corpus/DdT_1/01_scheidt_tabulatura_nova_bsb00023110/img with extensions ['.jpg', '.jpeg', '.png'].
Processing bsb00023110_00145.mei
  reusing annotations: bsb00023110_00145_measure_annotations.xml
  wrote integrated MEI: bsb00023110_00145_with_facs.mei
Processing bsb00023110_00145_with_facs.mei
  ERROR: No image found for bsb00023110_00145_with_facs.mei in /home/eggi/Nextcloud/code/public_repos/camat_corpus/DdT_1/01_scheidt_tabulatura_nova_bsb00023110/img with extensions ['.jpg', '.jpeg', '.png'].
Processing bsb00023110_00146.mei
  reusing annotations: bsb00023110_00146_measure_annotations.xml
  wrote integrated MEI: bsb00023110_00146_with_facs.mei
Processing bsb00023110_00146_with_facs.mei
  ERROR: No image found for bsb00023110_00146_with_facs.mei in /home/eggi/Nextcloud/code/public_repos/camat_corpus/DdT_1/01_scheidt_tabulatura_nova_bsb00023110/img with extensions ['.jpg', '.jpeg', '.png'].
Processing bsb00023110_00147.mei
  reusing annotations: bsb00023110_00147_measure_annotations.xml
  wrote integrated MEI: bsb00023110_00147_with_facs.mei
Processing bsb00023110_00147_with_facs.mei
  ERROR: No image found for bsb00023110_00147_with_facs.mei in /home/eggi/Nextcloud/code/public_repos/camat_corpus/DdT_1/01_scheidt_tabulatura_nova_bsb00023110/img with extensions ['.jpg', '.jpeg', '.png'].
Processing bsb00023110_00148.mei
  reusing annotations: bsb00023110_00148_measure_annotations.xml
  wrote integrated MEI: bsb00023110_00148_with_facs.mei
Processing bsb00023110_00148_with_facs.mei
  ERROR: No image found for bsb00023110_00148_with_facs.mei in /home/eggi/Nextcloud/code/public_repos/camat_corpus/DdT_1/01_scheidt_tabulatura_nova_bsb00023110/img with extensions ['.jpg', '.jpeg', '.png'].
Processing bsb00023110_00149.mei
  reusing annotations: bsb00023110_00149_measure_annotations.xml
  wrote integrated MEI: bsb00023110_00149_with_facs.mei
Processing bsb00023110_00149_with_facs.mei
  ERROR: No image found for bsb00023110_00149_with_facs.mei in /home/eggi/Nextcloud/code/public_repos/camat_corpus/DdT_1/01_scheidt_tabulatura_nova_bsb00023110/img with extensions ['.jpg', '.jpeg', '.png'].
Processing bsb00023110_00150.mei
  reusing annotations: bsb00023110_00150_measure_annotations.xml
  wrote integrated MEI: bsb00023110_00150_with_facs.mei
Processing bsb00023110_00150_with_facs.mei
  ERROR: No image found for bsb00023110_00150_with_facs.mei in /home/eggi/Nextcloud/code/public_repos/camat_corpus/DdT_1/01_scheidt_tabulatura_nova_bsb00023110/img with extensions ['.jpg', '.jpeg', '.png'].
Processing bsb00023110_00151.mei
  reusing annotations: bsb00023110_00151_measure_annotations.xml
  wrote integrated MEI: bsb00023110_00151_with_facs.mei
Processing bsb00023110_00151_with_facs.mei
  ERROR: No image found for bsb00023110_00151_with_facs.mei in /home/eggi/Nextcloud/code/public_repos/camat_corpus/DdT_1/01_scheidt_tabulatura_nova_bsb00023110/img with extensions ['.jpg', '.jpeg', '.png'].
Processing bsb00023110_00152.mei
  reusing annotations: bsb00023110_00152_measure_annotations.xml
  wrote integrated MEI: bsb00023110_00152_with_facs.mei
Processing bsb00023110_00153.mei
  reusing annotations: bsb00023110_00153_measure_annotations.xml
  wrote integrated MEI: bsb00023110_00153_with_facs.mei
Processing bsb00023110_00153_with_facs.mei
  ERROR: No image found for bsb00023110_00153_with_facs.mei in /home/eggi/Nextcloud/code/public_repos/camat_corpus/DdT_1/01_scheidt_tabulatura_nova_bsb00023110/img with extensions ['.jpg', '.jpeg', '.png'].
Processing bsb00023110_00154.mei
  reusing annotations: bsb00023110_00154_measure_annotations.xml
  wrote integrated MEI: bsb00023110_00154_with_facs.mei
Processing bsb00023110_00154_with_facs.mei
  ERROR: No image found for bsb00023110_00154_with_facs.mei in /home/eggi/Nextcloud/code/public_repos/camat_corpus/DdT_1/01_scheidt_tabulatura_nova_bsb00023110/img with extensions ['.jpg', '.jpeg', '.png'].
Processing bsb00023110_00155.mei
  reusing annotations: bsb00023110_00155_measure_annotations.xml
  wrote integrated MEI: bsb00023110_00155_with_facs.mei
Processing bsb00023110_00156.mei
  reusing annotations: bsb00023110_00156_measure_annotations.xml
  wrote integrated MEI: bsb00023110_00156_with_facs.mei
Processing bsb00023110_00156_with_facs.mei
  ERROR: No image found for bsb00023110_00156_with_facs.mei in /home/eggi/Nextcloud/code/public_repos/camat_corpus/DdT_1/01_scheidt_tabulatura_nova_bsb00023110/img with extensions ['.jpg', '.jpeg', '.png'].
Processing bsb00023110_00157.mei
  reusing annotations: bsb00023110_00157_measure_annotations.xml
  wrote integrated MEI: bsb00023110_00157_with_facs.mei
Processing bsb00023110_00158.mei
  reusing annotations: bsb00023110_00158_measure_annotations.xml
  wrote integrated MEI: bsb00023110_00158_with_facs.mei
Processing bsb00023110_00158_with_facs.mei
  ERROR: No image found for bsb00023110_00158_with_facs.mei in /home/eggi/Nextcloud/code/public_repos/camat_corpus/DdT_1/01_scheidt_tabulatura_nova_bsb00023110/img with extensions ['.jpg', '.jpeg', '.png'].
Processing bsb00023110_00159.mei
  reusing annotations: bsb00023110_00159_measure_annotations.xml
  wrote integrated MEI: bsb00023110_00159_with_facs.mei
Processing bsb00023110_00159_with_facs.mei
  ERROR: No image found for bsb00023110_00159_with_facs.mei in /home/eggi/Nextcloud/code/public_repos/camat_corpus/DdT_1/01_scheidt_tabulatura_nova_bsb00023110/img with extensions ['.jpg', '.jpeg', '.png'].
Processing bsb00023110_00160.mei
  reusing annotations: bsb00023110_00160_measure_annotations.xml
  wrote integrated MEI: bsb00023110_00160_with_facs.mei
Processing bsb00023110_00160_with_facs.mei
  ERROR: No image found for bsb00023110_00160_with_facs.mei in /home/eggi/Nextcloud/code/public_repos/camat_corpus/DdT_1/01_scheidt_tabulatura_nova_bsb00023110/img with extensions ['.jpg', '.jpeg', '.png'].
Processing bsb00023110_00161.mei
  reusing annotations: bsb00023110_00161_measure_annotations.xml
  wrote integrated MEI: bsb00023110_00161_with_facs.mei
Processing bsb00023110_00161_with_facs.mei
  ERROR: No image found for bsb00023110_00161_with_facs.mei in /home/eggi/Nextcloud/code/public_repos/camat_corpus/DdT_1/01_scheidt_tabulatura_nova_bsb00023110/img with extensions ['.jpg', '.jpeg', '.png'].
Processing bsb00023110_00162.mei
  reusing annotations: bsb00023110_00162_measure_annotations.xml
  wrote integrated MEI: bsb00023110_00162_with_facs.mei
Processing bsb00023110_00162_with_facs.mei
  ERROR: No image found for bsb00023110_00162_with_facs.mei in /home/eggi/Nextcloud/code/public_repos/camat_corpus/DdT_1/01_scheidt_tabulatura_nova_bsb00023110/img with extensions ['.jpg', '.jpeg', '.png'].
Processing bsb00023110_00163.mei
  reusing annotations: bsb00023110_00163_measure_annotations.xml
  wrote integrated MEI: bsb00023110_00163_with_facs.mei
Processing bsb00023110_00164.mei
  reusing annotations: bsb00023110_00164_measure_annotations.xml
  wrote integrated MEI: bsb00023110_00164_with_facs.mei
Processing bsb00023110_00164_with_facs.mei
  ERROR: No image found for bsb00023110_00164_with_facs.mei in /home/eggi/Nextcloud/code/public_repos/camat_corpus/DdT_1/01_scheidt_tabulatura_nova_bsb00023110/img with extensions ['.jpg', '.jpeg', '.png'].
Processing bsb00023110_00165.mei
  reusing annotations: bsb00023110_00165_measure_annotations.xml
  wrote integrated MEI: bsb00023110_00165_with_facs.mei
Processing bsb00023110_00165_with_facs.mei
  ERROR: No image found for bsb00023110_00165_with_facs.mei in /home/eggi/Nextcloud/code/public_repos/camat_corpus/DdT_1/01_scheidt_tabulatura_nova_bsb00023110/img with extensions ['.jpg', '.jpeg', '.png'].
Processing bsb00023110_00166.mei
  reusing annotations: bsb00023110_00166_measure_annotations.xml
  wrote integrated MEI: bsb00023110_00166_with_facs.mei
Processing bsb00023110_00166_with_facs.mei
  ERROR: No image found for bsb00023110_00166_with_facs.mei in /home/eggi/Nextcloud/code/public_repos/camat_corpus/DdT_1/01_scheidt_tabulatura_nova_bsb00023110/img with extensions ['.jpg', '.jpeg', '.png'].
Processing bsb00023110_00167.mei
  reusing annotations: bsb00023110_00167_measure_annotations.xml
  ERROR: Measure numbering does not align between the source and annotations MEI. mismatch count=2, allowed=1; source count=46 numbers=[1, 2, 3, 4, ..., 43, 44, 45, 46]; annotations count=48 numbers=[1, 2, 3, 4, ..., 45, 46, 47, 48]
Processing bsb00023110_00168.mei
  reusing annotations: bsb00023110_00168_measure_annotations.xml
  wrote integrated MEI: bsb00023110_00168_with_facs.mei
Processing bsb00023110_00168_with_facs.mei
  ERROR: No image found for bsb00023110_00168_with_facs.mei in /home/eggi/Nextcloud/code/public_repos/camat_corpus/DdT_1/01_scheidt_tabulatura_nova_bsb00023110/img with extensions ['.jpg', '.jpeg', '.png'].
Processing bsb00023110_00169.mei
  reusing annotations: bsb00023110_00169_measure_annotations.xml
  wrote integrated MEI: bsb00023110_00169_with_facs.mei
Processing bsb00023110_00169_with_facs.mei
  ERROR: No image found for bsb00023110_00169_with_facs.mei in /home/eggi/Nextcloud/code/public_repos/camat_corpus/DdT_1/01_scheidt_tabulatura_nova_bsb00023110/img with extensions ['.jpg', '.jpeg', '.png'].
Processing bsb00023110_00170.mei
  reusing annotations: bsb00023110_00170_measure_annotations.xml
  wrote integrated MEI: bsb00023110_00170_with_facs.mei
Processing bsb00023110_00171.mei
  reusing annotations: bsb00023110_00171_measure_annotations.xml
  wrote integrated MEI: bsb00023110_00171_with_facs.mei
Processing bsb00023110_00171_with_facs.mei
  ERROR: No image found for bsb00023110_00171_with_facs.mei in /home/eggi/Nextcloud/code/public_repos/camat_corpus/DdT_1/01_scheidt_tabulatura_nova_bsb00023110/img with extensions ['.jpg', '.jpeg', '.png'].
Processing bsb00023110_00175.mei
  skipped: bsb00023110_00175.mei has only 2 measure(s), below --minimum-measures=5
Processing bsb00023110_00176.mei
  uploading image: bsb00023110_00176.jpg
  detector returned HTTP 500; retrying (1/2) after 2.0s
  detector returned HTTP 500; retrying (2/2) after 2.0s
  ERROR: HTTP 500 from detector: Internal Server Error
Processing bsb00023110_00177.mei
  reusing annotations: bsb00023110_00177_measure_annotations.xml
  wrote integrated MEI: bsb00023110_00177_with_facs.mei
Processing bsb00023110_00177_with_facs.mei
  ERROR: No image found for bsb00023110_00177_with_facs.mei in /home/eggi/Nextcloud/code/public_repos/camat_corpus/DdT_1/01_scheidt_tabulatura_nova_bsb00023110/img with extensions ['.jpg', '.jpeg', '.png'].
Processing bsb00023110_00178.mei
  reusing annotations: bsb00023110_00178_measure_annotations.xml
  wrote integrated MEI: bsb00023110_00178_with_facs.mei
Processing bsb00023110_00179.mei
  reusing annotations: bsb00023110_00179_measure_annotations.xml
  wrote integrated MEI: bsb00023110_00179_with_facs.mei
Processing bsb00023110_00180.mei
  reusing annotations: bsb00023110_00180_measure_annotations.xml
  ERROR: Measure numbering does not align between the source and annotations MEI. mismatch count=2, allowed=1; source count=36 numbers=[1, 2, 3, 4, ..., 33, 34, 35, 36]; annotations count=38 numbers=[1, 2, 3, 4, ..., 35, 36, 37, 38]
Processing bsb00023110_00181.mei
  reusing annotations: bsb00023110_00181_measure_annotations.xml
  ERROR: Measure numbering does not align between the source and annotations MEI. mismatch count=2, allowed=1; source count=31 numbers=[1, 2, 3, 4, ..., 28, 29, 30, 31]; annotations count=33 numbers=[1, 2, 3, 4, ..., 30, 31, 32, 33]
Processing bsb00023110_00182.mei
  reusing annotations: bsb00023110_00182_measure_annotations.xml
  wrote integrated MEI: bsb00023110_00182_with_facs.mei
Processing bsb00023110_00182_with_facs.mei
  ERROR: No image found for bsb00023110_00182_with_facs.mei in /home/eggi/Nextcloud/code/public_repos/camat_corpus/DdT_1/01_scheidt_tabulatura_nova_bsb00023110/img with extensions ['.jpg', '.jpeg', '.png'].
Processing bsb00023110_00183.mei
  reusing annotations: bsb00023110_00183_measure_annotations.xml
  wrote integrated MEI: bsb00023110_00183_with_facs.mei
Processing bsb00023110_00183_with_facs.mei
  ERROR: No image found for bsb00023110_00183_with_facs.mei in /home/eggi/Nextcloud/code/public_repos/camat_corpus/DdT_1/01_scheidt_tabulatura_nova_bsb00023110/img with extensions ['.jpg', '.jpeg', '.png'].
Processing bsb00023110_00184.mei
  reusing annotations: bsb00023110_00184_measure_annotations.xml
  wrote integrated MEI: bsb00023110_00184_with_facs.mei
Processing bsb00023110_00184_with_facs.mei
  ERROR: No image found for bsb00023110_00184_with_facs.mei in /home/eggi/Nextcloud/code/public_repos/camat_corpus/DdT_1/01_scheidt_tabulatura_nova_bsb00023110/img with extensions ['.jpg', '.jpeg', '.png'].
Processing bsb00023110_00185.mei
  reusing annotations: bsb00023110_00185_measure_annotations.xml
  wrote integrated MEI: bsb00023110_00185_with_facs.mei
Processing bsb00023110_00186.mei
  reusing annotations: bsb00023110_00186_measure_annotations.xml
  ERROR: Measure numbering does not align between the source and annotations MEI. mismatch count=2, allowed=1; source count=32 numbers=[1, 2, 3, 4, ..., 29, 30, 31, 32]; annotations count=34 numbers=[1, 2, 3, 4, ..., 31, 32, 33, 34]
Processing bsb00023110_00187.mei
  reusing annotations: bsb00023110_00187_measure_annotations.xml
  wrote integrated MEI: bsb00023110_00187_with_facs.mei
Processing bsb00023110_00187_with_facs.mei
  ERROR: No image found for bsb00023110_00187_with_facs.mei in /home/eggi/Nextcloud/code/public_repos/camat_corpus/DdT_1/01_scheidt_tabulatura_nova_bsb00023110/img with extensions ['.jpg', '.jpeg', '.png'].
Processing bsb00023110_00188.mei
  reusing annotations: bsb00023110_00188_measure_annotations.xml
  wrote integrated MEI: bsb00023110_00188_with_facs.mei
Processing bsb00023110_00188_with_facs.mei
  ERROR: No image found for bsb00023110_00188_with_facs.mei in /home/eggi/Nextcloud/code/public_repos/camat_corpus/DdT_1/01_scheidt_tabulatura_nova_bsb00023110/img with extensions ['.jpg', '.jpeg', '.png'].
Processing bsb00023110_00189.mei
  reusing annotations: bsb00023110_00189_measure_annotations.xml
  wrote integrated MEI: bsb00023110_00189_with_facs.mei
Processing bsb00023110_00189_with_facs.mei
  ERROR: No image found for bsb00023110_00189_with_facs.mei in /home/eggi/Nextcloud/code/public_repos/camat_corpus/DdT_1/01_scheidt_tabulatura_nova_bsb00023110/img with extensions ['.jpg', '.jpeg', '.png'].
Processing bsb00023110_00190.mei
  reusing annotations: bsb00023110_00190_measure_annotations.xml
  wrote integrated MEI: bsb00023110_00190_with_facs.mei
Processing bsb00023110_00190_with_facs.mei
  ERROR: No image found for bsb00023110_00190_with_facs.mei in /home/eggi/Nextcloud/code/public_repos/camat_corpus/DdT_1/01_scheidt_tabulatura_nova_bsb00023110/img with extensions ['.jpg', '.jpeg', '.png'].
Processing bsb00023110_00191.mei
  reusing annotations: bsb00023110_00191_measure_annotations.xml
  wrote integrated MEI: bsb00023110_00191_with_facs.mei
Processing bsb00023110_00191_with_facs.mei
  ERROR: No image found for bsb00023110_00191_with_facs.mei in /home/eggi/Nextcloud/code/public_repos/camat_corpus/DdT_1/01_scheidt_tabulatura_nova_bsb00023110/img with extensions ['.jpg', '.jpeg', '.png'].
Processing bsb00023110_00192.mei
  reusing annotations: bsb00023110_00192_measure_annotations.xml
  wrote integrated MEI: bsb00023110_00192_with_facs.mei
Processing bsb00023110_00192_with_facs.mei
  ERROR: No image found for bsb00023110_00192_with_facs.mei in /home/eggi/Nextcloud/code/public_repos/camat_corpus/DdT_1/01_scheidt_tabulatura_nova_bsb00023110/img with extensions ['.jpg', '.jpeg', '.png'].
Processing bsb00023110_00193.mei
  reusing annotations: bsb00023110_00193_measure_annotations.xml
  wrote integrated MEI: bsb00023110_00193_with_facs.mei
Processing bsb00023110_00193_with_facs.mei
  ERROR: No image found for bsb00023110_00193_with_facs.mei in /home/eggi/Nextcloud/code/public_repos/camat_corpus/DdT_1/01_scheidt_tabulatura_nova_bsb00023110/img with extensions ['.jpg', '.jpeg', '.png'].
Processing bsb00023110_00194.mei
  reusing annotations: bsb00023110_00194_measure_annotations.xml
  wrote integrated MEI: bsb00023110_00194_with_facs.mei
Processing bsb00023110_00195.mei
  reusing annotations: bsb00023110_00195_measure_annotations.xml
  wrote integrated MEI: bsb00023110_00195_with_facs.mei
Processing bsb00023110_00195_with_facs.mei
  ERROR: No image found for bsb00023110_00195_with_facs.mei in /home/eggi/Nextcloud/code/public_repos/camat_corpus/DdT_1/01_scheidt_tabulatura_nova_bsb00023110/img with extensions ['.jpg', '.jpeg', '.png'].
Processing bsb00023110_00196.mei
  reusing annotations: bsb00023110_00196_measure_annotations.xml
  wrote integrated MEI: bsb00023110_00196_with_facs.mei
Processing bsb00023110_00197.mei
  reusing annotations: bsb00023110_00197_measure_annotations.xml
  wrote integrated MEI: bsb00023110_00197_with_facs.mei
Processing bsb00023110_00197_with_facs.mei
  ERROR: No image found for bsb00023110_00197_with_facs.mei in /home/eggi/Nextcloud/code/public_repos/camat_corpus/DdT_1/01_scheidt_tabulatura_nova_bsb00023110/img with extensions ['.jpg', '.jpeg', '.png'].
Processing bsb00023110_00198.mei
  reusing annotations: bsb00023110_00198_measure_annotations.xml
  wrote integrated MEI: bsb00023110_00198_with_facs.mei
Processing bsb00023110_00198_with_facs.mei
  ERROR: No image found for bsb00023110_00198_with_facs.mei in /home/eggi/Nextcloud/code/public_repos/camat_corpus/DdT_1/01_scheidt_tabulatura_nova_bsb00023110/img with extensions ['.jpg', '.jpeg', '.png'].
Processing bsb00023110_00199.mei
  reusing annotations: bsb00023110_00199_measure_annotations.xml
  wrote integrated MEI: bsb00023110_00199_with_facs.mei
Processing bsb00023110_00199_with_facs.mei
  ERROR: No image found for bsb00023110_00199_with_facs.mei in /home/eggi/Nextcloud/code/public_repos/camat_corpus/DdT_1/01_scheidt_tabulatura_nova_bsb00023110/img with extensions ['.jpg', '.jpeg', '.png'].
Processing bsb00023110_00200.mei
  reusing annotations: bsb00023110_00200_measure_annotations.xml
  wrote integrated MEI: bsb00023110_00200_with_facs.mei
Processing bsb00023110_00200_with_facs.mei
  ERROR: No image found for bsb00023110_00200_with_facs.mei in /home/eggi/Nextcloud/code/public_repos/camat_corpus/DdT_1/01_scheidt_tabulatura_nova_bsb00023110/img with extensions ['.jpg', '.jpeg', '.png'].
Processing bsb00023110_00201.mei
  reusing annotations: bsb00023110_00201_measure_annotations.xml
  wrote integrated MEI: bsb00023110_00201_with_facs.mei
Processing bsb00023110_00201_with_facs.mei
  ERROR: No image found for bsb00023110_00201_with_facs.mei in /home/eggi/Nextcloud/code/public_repos/camat_corpus/DdT_1/01_scheidt_tabulatura_nova_bsb00023110/img with extensions ['.jpg', '.jpeg', '.png'].
Processing bsb00023110_00202.mei
  reusing annotations: bsb00023110_00202_measure_annotations.xml
  wrote integrated MEI: bsb00023110_00202_with_facs.mei
Processing bsb00023110_00202_with_facs.mei
  ERROR: No image found for bsb00023110_00202_with_facs.mei in /home/eggi/Nextcloud/code/public_repos/camat_corpus/DdT_1/01_scheidt_tabulatura_nova_bsb00023110/img with extensions ['.jpg', '.jpeg', '.png'].
Processing bsb00023110_00203.mei
  reusing annotations: bsb00023110_00203_measure_annotations.xml
  wrote integrated MEI: bsb00023110_00203_with_facs.mei
Processing bsb00023110_00203_with_facs.mei
  ERROR: No image found for bsb00023110_00203_with_facs.mei in /home/eggi/Nextcloud/code/public_repos/camat_corpus/DdT_1/01_scheidt_tabulatura_nova_bsb00023110/img with extensions ['.jpg', '.jpeg', '.png'].
Processing bsb00023110_00204.mei
  reusing annotations: bsb00023110_00204_measure_annotations.xml
  wrote integrated MEI: bsb00023110_00204_with_facs.mei
Processing bsb00023110_00204_with_facs.mei
  ERROR: No image found for bsb00023110_00204_with_facs.mei in /home/eggi/Nextcloud/code/public_repos/camat_corpus/DdT_1/01_scheidt_tabulatura_nova_bsb00023110/img with extensions ['.jpg', '.jpeg', '.png'].
Processing bsb00023110_00205.mei
  reusing annotations: bsb00023110_00205_measure_annotations.xml
  wrote integrated MEI: bsb00023110_00205_with_facs.mei
Processing bsb00023110_00205_with_facs.mei
  ERROR: No image found for bsb00023110_00205_with_facs.mei in /home/eggi/Nextcloud/code/public_repos/camat_corpus/DdT_1/01_scheidt_tabulatura_nova_bsb00023110/img with extensions ['.jpg', '.jpeg', '.png'].
Processing bsb00023110_00206.mei
  reusing annotations: bsb00023110_00206_measure_annotations.xml
  wrote integrated MEI: bsb00023110_00206_with_facs.mei
Processing bsb00023110_00206_with_facs.mei
  ERROR: No image found for bsb00023110_00206_with_facs.mei in /home/eggi/Nextcloud/code/public_repos/camat_corpus/DdT_1/01_scheidt_tabulatura_nova_bsb00023110/img with extensions ['.jpg', '.jpeg', '.png'].
Processing bsb00023110_00207.mei
  reusing annotations: bsb00023110_00207_measure_annotations.xml
  wrote integrated MEI: bsb00023110_00207_with_facs.mei
Processing bsb00023110_00207_with_facs.mei
  ERROR: No image found for bsb00023110_00207_with_facs.mei in /home/eggi/Nextcloud/code/public_repos/camat_corpus/DdT_1/01_scheidt_tabulatura_nova_bsb00023110/img with extensions ['.jpg', '.jpeg', '.png'].
Processing bsb00023110_00208.mei
  reusing annotations: bsb00023110_00208_measure_annotations.xml
  wrote integrated MEI: bsb00023110_00208_with_facs.mei
Processing bsb00023110_00208_with_facs.mei
  ERROR: No image found for bsb00023110_00208_with_facs.mei in /home/eggi/Nextcloud/code/public_repos/camat_corpus/DdT_1/01_scheidt_tabulatura_nova_bsb00023110/img with extensions ['.jpg', '.jpeg', '.png'].
Processing bsb00023110_00209.mei
  reusing annotations: bsb00023110_00209_measure_annotations.xml
  wrote integrated MEI: bsb00023110_00209_with_facs.mei
Processing bsb00023110_00209_with_facs.mei
  ERROR: No image found for bsb00023110_00209_with_facs.mei in /home/eggi/Nextcloud/code/public_repos/camat_corpus/DdT_1/01_scheidt_tabulatura_nova_bsb00023110/img with extensions ['.jpg', '.jpeg', '.png'].
Processing bsb00023110_00210.mei
  reusing annotations: bsb00023110_00210_measure_annotations.xml
  wrote integrated MEI: bsb00023110_00210_with_facs.mei
Processing bsb00023110_00210_with_facs.mei
  ERROR: No image found for bsb00023110_00210_with_facs.mei in /home/eggi/Nextcloud/code/public_repos/camat_corpus/DdT_1/01_scheidt_tabulatura_nova_bsb00023110/img with extensions ['.jpg', '.jpeg', '.png'].
Processing bsb00023110_00211.mei
  reusing annotations: bsb00023110_00211_measure_annotations.xml
  wrote integrated MEI: bsb00023110_00211_with_facs.mei
Processing bsb00023110_00211_with_facs.mei
  ERROR: No image found for bsb00023110_00211_with_facs.mei in /home/eggi/Nextcloud/code/public_repos/camat_corpus/DdT_1/01_scheidt_tabulatura_nova_bsb00023110/img with extensions ['.jpg', '.jpeg', '.png'].
Processing bsb00023110_00212.mei
  reusing annotations: bsb00023110_00212_measure_annotations.xml
  ERROR: Measure numbering does not align between the source and annotations MEI. mismatch count=2, allowed=1; source count=39 numbers=[1, 2, 3, 4, ..., 36, 37, 38, 39]; annotations count=41 numbers=[1, 2, 3, 4, ..., 38, 39, 40, 41]
Processing bsb00023110_00213.mei
  reusing annotations: bsb00023110_00213_measure_annotations.xml
  wrote integrated MEI: bsb00023110_00213_with_facs.mei
Processing bsb00023110_00214.mei
  reusing annotations: bsb00023110_00214_measure_annotations.xml
  wrote integrated MEI: bsb00023110_00214_with_facs.mei
Processing bsb00023110_00214_with_facs.mei
  ERROR: No image found for bsb00023110_00214_with_facs.mei in /home/eggi/Nextcloud/code/public_repos/camat_corpus/DdT_1/01_scheidt_tabulatura_nova_bsb00023110/img with extensions ['.jpg', '.jpeg', '.png'].
Processing bsb00023110_00215.mei
  reusing annotations: bsb00023110_00215_measure_annotations.xml
  wrote integrated MEI: bsb00023110_00215_with_facs.mei
Processing bsb00023110_00216.mei
  reusing annotations: bsb00023110_00216_measure_annotations.xml
  wrote integrated MEI: bsb00023110_00216_with_facs.mei
Processing bsb00023110_00216_with_facs.mei
  ERROR: No image found for bsb00023110_00216_with_facs.mei in /home/eggi/Nextcloud/code/public_repos/camat_corpus/DdT_1/01_scheidt_tabulatura_nova_bsb00023110/img with extensions ['.jpg', '.jpeg', '.png'].
Processing bsb00023110_00217.mei
  reusing annotations: bsb00023110_00217_measure_annotations.xml
  wrote integrated MEI: bsb00023110_00217_with_facs.mei
Processing bsb00023110_00217_with_facs.mei
  ERROR: No image found for bsb00023110_00217_with_facs.mei in /home/eggi/Nextcloud/code/public_repos/camat_corpus/DdT_1/01_scheidt_tabulatura_nova_bsb00023110/img with extensions ['.jpg', '.jpeg', '.png'].
Processing bsb00023110_00218.mei
  reusing annotations: bsb00023110_00218_measure_annotations.xml
  wrote integrated MEI: bsb00023110_00218_with_facs.mei
Processing bsb00023110_00218_with_facs.mei
  ERROR: No image found for bsb00023110_00218_with_facs.mei in /home/eggi/Nextcloud/code/public_repos/camat_corpus/DdT_1/01_scheidt_tabulatura_nova_bsb00023110/img with extensions ['.jpg', '.jpeg', '.png'].
Processing bsb00023110_00219.mei
  reusing annotations: bsb00023110_00219_measure_annotations.xml
  wrote integrated MEI: bsb00023110_00219_with_facs.mei
Processing bsb00023110_00220.mei
  reusing annotations: bsb00023110_00220_measure_annotations.xml
  wrote integrated MEI: bsb00023110_00220_with_facs.mei
Processing bsb00023110_00220_with_facs.mei
  ERROR: No image found for bsb00023110_00220_with_facs.mei in /home/eggi/Nextcloud/code/public_repos/camat_corpus/DdT_1/01_scheidt_tabulatura_nova_bsb00023110/img with extensions ['.jpg', '.jpeg', '.png'].
Processing bsb00023110_00221.mei
  reusing annotations: bsb00023110_00221_measure_annotations.xml
  wrote integrated MEI: bsb00023110_00221_with_facs.mei
Processing bsb00023110_00222.mei
  reusing annotations: bsb00023110_00222_measure_annotations.xml
  wrote integrated MEI: bsb00023110_00222_with_facs.mei
Processing bsb00023110_00222_with_facs.mei
  ERROR: No image found for bsb00023110_00222_with_facs.mei in /home/eggi/Nextcloud/code/public_repos/camat_corpus/DdT_1/01_scheidt_tabulatura_nova_bsb00023110/img with extensions ['.jpg', '.jpeg', '.png'].
Processing bsb00023110_00223.mei
  reusing annotations: bsb00023110_00223_measure_annotations.xml
  wrote integrated MEI: bsb00023110_00223_with_facs.mei
Processing bsb00023110_00223_with_facs.mei
  ERROR: No image found for bsb00023110_00223_with_facs.mei in /home/eggi/Nextcloud/code/public_repos/camat_corpus/DdT_1/01_scheidt_tabulatura_nova_bsb00023110/img with extensions ['.jpg', '.jpeg', '.png'].
Processing bsb00023110_00224.mei
  reusing annotations: bsb00023110_00224_measure_annotations.xml
  wrote integrated MEI: bsb00023110_00224_with_facs.mei
Processing bsb00023110_00225.mei
  reusing annotations: bsb00023110_00225_measure_annotations.xml
  wrote integrated MEI: bsb00023110_00225_with_facs.mei
Processing bsb00023110_00225_with_facs.mei
  ERROR: No image found for bsb00023110_00225_with_facs.mei in /home/eggi/Nextcloud/code/public_repos/camat_corpus/DdT_1/01_scheidt_tabulatura_nova_bsb00023110/img with extensions ['.jpg', '.jpeg', '.png'].
Processing bsb00023110_00226.mei
  reusing annotations: bsb00023110_00226_measure_annotations.xml
  wrote integrated MEI: bsb00023110_00226_with_facs.mei
Processing bsb00023110_00226_with_facs.mei
  ERROR: No image found for bsb00023110_00226_with_facs.mei in /home/eggi/Nextcloud/code/public_repos/camat_corpus/DdT_1/01_scheidt_tabulatura_nova_bsb00023110/img with extensions ['.jpg', '.jpeg', '.png'].
Processing bsb00023110_00227.mei
  reusing annotations: bsb00023110_00227_measure_annotations.xml
  wrote integrated MEI: bsb00023110_00227_with_facs.mei
Processing bsb00023110_00227_with_facs.mei
  ERROR: No image found for bsb00023110_00227_with_facs.mei in /home/eggi/Nextcloud/code/public_repos/camat_corpus/DdT_1/01_scheidt_tabulatura_nova_bsb00023110/img with extensions ['.jpg', '.jpeg', '.png'].
Processing bsb00023110_00228.mei
  reusing annotations: bsb00023110_00228_measure_annotations.xml
  wrote integrated MEI: bsb00023110_00228_with_facs.mei
Processing bsb00023110_00228_with_facs.mei
  ERROR: No image found for bsb00023110_00228_with_facs.mei in /home/eggi/Nextcloud/code/public_repos/camat_corpus/DdT_1/01_scheidt_tabulatura_nova_bsb00023110/img with extensions ['.jpg', '.jpeg', '.png'].
Processing bsb00023110_00229.mei
  reusing annotations: bsb00023110_00229_measure_annotations.xml
  wrote integrated MEI: bsb00023110_00229_with_facs.mei
Processing bsb00023110_00229_with_facs.mei
  ERROR: No image found for bsb00023110_00229_with_facs.mei in /home/eggi/Nextcloud/code/public_repos/camat_corpus/DdT_1/01_scheidt_tabulatura_nova_bsb00023110/img with extensions ['.jpg', '.jpeg', '.png'].
Processing bsb00023110_00230.mei
  reusing annotations: bsb00023110_00230_measure_annotations.xml
  wrote integrated MEI: bsb00023110_00230_with_facs.mei
Processing bsb00023110_00230_with_facs.mei
  ERROR: No image found for bsb00023110_00230_with_facs.mei in /home/eggi/Nextcloud/code/public_repos/camat_corpus/DdT_1/01_scheidt_tabulatura_nova_bsb00023110/img with extensions ['.jpg', '.jpeg', '.png'].
Processing bsb00023110_00231.mei
  reusing annotations: bsb00023110_00231_measure_annotations.xml
  wrote integrated MEI: bsb00023110_00231_with_facs.mei
Processing bsb00023110_00231_with_facs.mei
  ERROR: No image found for bsb00023110_00231_with_facs.mei in /home/eggi/Nextcloud/code/public_repos/camat_corpus/DdT_1/01_scheidt_tabulatura_nova_bsb00023110/img with extensions ['.jpg', '.jpeg', '.png'].
Processing bsb00023110_00232.mei
  reusing annotations: bsb00023110_00232_measure_annotations.xml
  wrote integrated MEI: bsb00023110_00232_with_facs.mei
Processing bsb00023110_00232_with_facs.mei
  ERROR: No image found for bsb00023110_00232_with_facs.mei in /home/eggi/Nextcloud/code/public_repos/camat_corpus/DdT_1/01_scheidt_tabulatura_nova_bsb00023110/img with extensions ['.jpg', '.jpeg', '.png'].
Processing bsb00023110_00233.mei
  reusing annotations: bsb00023110_00233_measure_annotations.xml
  wrote integrated MEI: bsb00023110_00233_with_facs.mei
Processing bsb00023110_00233_with_facs.mei
  ERROR: No image found for bsb00023110_00233_with_facs.mei in /home/eggi/Nextcloud/code/public_repos/camat_corpus/DdT_1/01_scheidt_tabulatura_nova_bsb00023110/img with extensions ['.jpg', '.jpeg', '.png'].
Processing bsb00023110_00234.mei
  reusing annotations: bsb00023110_00234_measure_annotations.xml
  wrote integrated MEI: bsb00023110_00234_with_facs.mei
Processing bsb00023110_00234_with_facs.mei
  ERROR: No image found for bsb00023110_00234_with_facs.mei in /home/eggi/Nextcloud/code/public_repos/camat_corpus/DdT_1/01_scheidt_tabulatura_nova_bsb00023110/img with extensions ['.jpg', '.jpeg', '.png'].
Processing bsb00023110_00235.mei
  reusing annotations: bsb00023110_00235_measure_annotations.xml
  wrote integrated MEI: bsb00023110_00235_with_facs.mei
Processing bsb00023110_00235_with_facs.mei
  ERROR: No image found for bsb00023110_00235_with_facs.mei in /home/eggi/Nextcloud/code/public_repos/camat_corpus/DdT_1/01_scheidt_tabulatura_nova_bsb00023110/img with extensions ['.jpg', '.jpeg', '.png'].
Processing bsb00023110_00236.mei
  reusing annotations: bsb00023110_00236_measure_annotations.xml
  wrote integrated MEI: bsb00023110_00236_with_facs.mei
Processing bsb00023110_00236_with_facs.mei
  ERROR: No image found for bsb00023110_00236_with_facs.mei in /home/eggi/Nextcloud/code/public_repos/camat_corpus/DdT_1/01_scheidt_tabulatura_nova_bsb00023110/img with extensions ['.jpg', '.jpeg', '.png'].
Processing bsb00023110_00237.mei
  reusing annotations: bsb00023110_00237_measure_annotations.xml
  wrote integrated MEI: bsb00023110_00237_with_facs.mei
Processing bsb00023110_00237_with_facs.mei
  ERROR: No image found for bsb00023110_00237_with_facs.mei in /home/eggi/Nextcloud/code/public_repos/camat_corpus/DdT_1/01_scheidt_tabulatura_nova_bsb00023110/img with extensions ['.jpg', '.jpeg', '.png'].
Processing bsb00023110_00238.mei
  reusing annotations: bsb00023110_00238_measure_annotations.xml
  wrote integrated MEI: bsb00023110_00238_with_facs.mei
Processing bsb00023110_00238_with_facs.mei
  ERROR: No image found for bsb00023110_00238_with_facs.mei in /home/eggi/Nextcloud/code/public_repos/camat_corpus/DdT_1/01_scheidt_tabulatura_nova_bsb00023110/img with extensions ['.jpg', '.jpeg', '.png'].
Processing bsb00023110_00239.mei
  reusing annotations: bsb00023110_00239_measure_annotations.xml
  wrote integrated MEI: bsb00023110_00239_with_facs.mei
Processing bsb00023110_00240.mei
  reusing annotations: bsb00023110_00240_measure_annotations.xml
  wrote integrated MEI: bsb00023110_00240_with_facs.mei
Processing bsb00023110_00240_with_facs.mei
  ERROR: No image found for bsb00023110_00240_with_facs.mei in /home/eggi/Nextcloud/code/public_repos/camat_corpus/DdT_1/01_scheidt_tabulatura_nova_bsb00023110/img with extensions ['.jpg', '.jpeg', '.png'].
Processing bsb00023110_00241.mei
  reusing annotations: bsb00023110_00241_measure_annotations.xml
  wrote integrated MEI: bsb00023110_00241_with_facs.mei
Processing bsb00023110_00241_with_facs.mei
  ERROR: No image found for bsb00023110_00241_with_facs.mei in /home/eggi/Nextcloud/code/public_repos/camat_corpus/DdT_1/01_scheidt_tabulatura_nova_bsb00023110/img with extensions ['.jpg', '.jpeg', '.png'].
Processing bsb00023110_00242.mei
  reusing annotations: bsb00023110_00242_measure_annotations.xml
  wrote integrated MEI: bsb00023110_00242_with_facs.mei
Processing bsb00023110_00242_with_facs.mei
  ERROR: No image found for bsb00023110_00242_with_facs.mei in /home/eggi/Nextcloud/code/public_repos/camat_corpus/DdT_1/01_scheidt_tabulatura_nova_bsb00023110/img with extensions ['.jpg', '.jpeg', '.png'].
Processing bsb00023110_00243.mei
  reusing annotations: bsb00023110_00243_measure_annotations.xml
  wrote integrated MEI: bsb00023110_00243_with_facs.mei
Processing bsb00023110_00243_with_facs.mei
  ERROR: No image found for bsb00023110_00243_with_facs.mei in /home/eggi/Nextcloud/code/public_repos/camat_corpus/DdT_1/01_scheidt_tabulatura_nova_bsb00023110/img with extensions ['.jpg', '.jpeg', '.png'].
Processing bsb00023110_00244.mei
  reusing annotations: bsb00023110_00244_measure_annotations.xml
  ERROR: Measure numbering does not align between the source and annotations MEI. mismatch count=20, allowed=1; source count=24 numbers=[1, 2, 3, 4, ..., 21, 22, 23, 24]; annotations count=4 numbers=[1, 2, 3, 4]
Finished: processed=199, skipped=6, failed=181, score_dir=/home/eggi/Nextcloud/code/public_repos/camat_corpus/DdT_1/01_scheidt_tabulatura_nova_bsb00023110
  skipped bsb00023110_00004.mei: bsb00023110_00004.mei has only 2 measure(s), below --minimum-measures=5
  skipped bsb00023110_00016.mei: bsb00023110_00016.mei has only 3 measure(s), below --minimum-measures=5
  skipped bsb00023110_00017.mei: bsb00023110_00017.mei has only 2 measure(s), below --minimum-measures=5
  skipped bsb00023110_00024.mei: bsb00023110_00024.mei has only 4 measure(s), below --minimum-measures=5
  skipped bsb00023110_00107.mei: bsb00023110_00107.mei has only 1 measure(s), below --minimum-measures=5
  skipped bsb00023110_00175.mei: bsb00023110_00175.mei has only 2 measure(s), below --minimum-measures=5
  failed bsb00023110_00011.mei: HTTP 500 from detector: Internal Server Error
  failed bsb00023110_00025_with_facs.mei: No image found for bsb00023110_00025_with_facs.mei in /home/eggi/Nextcloud/code/public_repos/camat_corpus/DdT_1/01_scheidt_tabulatura_nova_bsb00023110/img with extensions ['.jpg', '.jpeg', '.png'].
  failed bsb00023110_00026_with_facs.mei: No image found for bsb00023110_00026_with_facs.mei in /home/eggi/Nextcloud/code/public_repos/camat_corpus/DdT_1/01_scheidt_tabulatura_nova_bsb00023110/img with extensions ['.jpg', '.jpeg', '.png'].
  failed bsb00023110_00027_with_facs.mei: No image found for bsb00023110_00027_with_facs.mei in /home/eggi/Nextcloud/code/public_repos/camat_corpus/DdT_1/01_scheidt_tabulatura_nova_bsb00023110/img with extensions ['.jpg', '.jpeg', '.png'].
  failed bsb00023110_00028_with_facs.mei: No image found for bsb00023110_00028_with_facs.mei in /home/eggi/Nextcloud/code/public_repos/camat_corpus/DdT_1/01_scheidt_tabulatura_nova_bsb00023110/img with extensions ['.jpg', '.jpeg', '.png'].
  failed bsb00023110_00029_with_facs.mei: No image found for bsb00023110_00029_with_facs.mei in /home/eggi/Nextcloud/code/public_repos/camat_corpus/DdT_1/01_scheidt_tabulatura_nova_bsb00023110/img with extensions ['.jpg', '.jpeg', '.png'].
  failed bsb00023110_00030_with_facs.mei: No image found for bsb00023110_00030_with_facs.mei in /home/eggi/Nextcloud/code/public_repos/camat_corpus/DdT_1/01_scheidt_tabulatura_nova_bsb00023110/img with extensions ['.jpg', '.jpeg', '.png'].
  failed bsb00023110_00032_with_facs.mei: No image found for bsb00023110_00032_with_facs.mei in /home/eggi/Nextcloud/code/public_repos/camat_corpus/DdT_1/01_scheidt_tabulatura_nova_bsb00023110/img with extensions ['.jpg', '.jpeg', '.png'].
  failed bsb00023110_00033_with_facs.mei: No image found for bsb00023110_00033_with_facs.mei in /home/eggi/Nextcloud/code/public_repos/camat_corpus/DdT_1/01_scheidt_tabulatura_nova_bsb00023110/img with extensions ['.jpg', '.jpeg', '.png'].
  failed bsb00023110_00034_with_facs.mei: No image found for bsb00023110_00034_with_facs.mei in /home/eggi/Nextcloud/code/public_repos/camat_corpus/DdT_1/01_scheidt_tabulatura_nova_bsb00023110/img with extensions ['.jpg', '.jpeg', '.png'].
  failed bsb00023110_00035_with_facs.mei: No image found for bsb00023110_00035_with_facs.mei in /home/eggi/Nextcloud/code/public_repos/camat_corpus/DdT_1/01_scheidt_tabulatura_nova_bsb00023110/img with extensions ['.jpg', '.jpeg', '.png'].
  failed bsb00023110_00036_with_facs.mei: No image found for bsb00023110_00036_with_facs.mei in /home/eggi/Nextcloud/code/public_repos/camat_corpus/DdT_1/01_scheidt_tabulatura_nova_bsb00023110/img with extensions ['.jpg', '.jpeg', '.png'].
  failed bsb00023110_00037_with_facs.mei: No image found for bsb00023110_00037_with_facs.mei in /home/eggi/Nextcloud/code/public_repos/camat_corpus/DdT_1/01_scheidt_tabulatura_nova_bsb00023110/img with extensions ['.jpg', '.jpeg', '.png'].
  failed bsb00023110_00038_with_facs.mei: No image found for bsb00023110_00038_with_facs.mei in /home/eggi/Nextcloud/code/public_repos/camat_corpus/DdT_1/01_scheidt_tabulatura_nova_bsb00023110/img with extensions ['.jpg', '.jpeg', '.png'].
  failed bsb00023110_00039_with_facs.mei: No image found for bsb00023110_00039_with_facs.mei in /home/eggi/Nextcloud/code/public_repos/camat_corpus/DdT_1/01_scheidt_tabulatura_nova_bsb00023110/img with extensions ['.jpg', '.jpeg', '.png'].
  failed bsb00023110_00040_with_facs.mei: No image found for bsb00023110_00040_with_facs.mei in /home/eggi/Nextcloud/code/public_repos/camat_corpus/DdT_1/01_scheidt_tabulatura_nova_bsb00023110/img with extensions ['.jpg', '.jpeg', '.png'].
  failed bsb00023110_00041_with_facs.mei: No image found for bsb00023110_00041_with_facs.mei in /home/eggi/Nextcloud/code/public_repos/camat_corpus/DdT_1/01_scheidt_tabulatura_nova_bsb00023110/img with extensions ['.jpg', '.jpeg', '.png'].
  failed bsb00023110_00042_with_facs.mei: No image found for bsb00023110_00042_with_facs.mei in /home/eggi/Nextcloud/code/public_repos/camat_corpus/DdT_1/01_scheidt_tabulatura_nova_bsb00023110/img with extensions ['.jpg', '.jpeg', '.png'].
  failed bsb00023110_00043_with_facs.mei: No image found for bsb00023110_00043_with_facs.mei in /home/eggi/Nextcloud/code/public_repos/camat_corpus/DdT_1/01_scheidt_tabulatura_nova_bsb00023110/img with extensions ['.jpg', '.jpeg', '.png'].
  failed bsb00023110_00044_with_facs.mei: No image found for bsb00023110_00044_with_facs.mei in /home/eggi/Nextcloud/code/public_repos/camat_corpus/DdT_1/01_scheidt_tabulatura_nova_bsb00023110/img with extensions ['.jpg', '.jpeg', '.png'].
  failed bsb00023110_00045_with_facs.mei: No image found for bsb00023110_00045_with_facs.mei in /home/eggi/Nextcloud/code/public_repos/camat_corpus/DdT_1/01_scheidt_tabulatura_nova_bsb00023110/img with extensions ['.jpg', '.jpeg', '.png'].
  failed bsb00023110_00046.mei: Measure numbering does not align between the source and annotations MEI. mismatch count=2, allowed=1; source count=44 numbers=[1, 2, 3, 4, ..., 41, 42, 43, 44]; annotations count=46 numbers=[1, 2, 3, 4, ..., 43, 44, 45, 46]
  failed bsb00023110_00047_with_facs.mei: No image found for bsb00023110_00047_with_facs.mei in /home/eggi/Nextcloud/code/public_repos/camat_corpus/DdT_1/01_scheidt_tabulatura_nova_bsb00023110/img with extensions ['.jpg', '.jpeg', '.png'].
  failed bsb00023110_00048_with_facs.mei: No image found for bsb00023110_00048_with_facs.mei in /home/eggi/Nextcloud/code/public_repos/camat_corpus/DdT_1/01_scheidt_tabulatura_nova_bsb00023110/img with extensions ['.jpg', '.jpeg', '.png'].
  failed bsb00023110_00049_with_facs.mei: No image found for bsb00023110_00049_with_facs.mei in /home/eggi/Nextcloud/code/public_repos/camat_corpus/DdT_1/01_scheidt_tabulatura_nova_bsb00023110/img with extensions ['.jpg', '.jpeg', '.png'].
  failed bsb00023110_00050_with_facs.mei: No image found for bsb00023110_00050_with_facs.mei in /home/eggi/Nextcloud/code/public_repos/camat_corpus/DdT_1/01_scheidt_tabulatura_nova_bsb00023110/img with extensions ['.jpg', '.jpeg', '.png'].
  failed bsb00023110_00051_with_facs.mei: No image found for bsb00023110_00051_with_facs.mei in /home/eggi/Nextcloud/code/public_repos/camat_corpus/DdT_1/01_scheidt_tabulatura_nova_bsb00023110/img with extensions ['.jpg', '.jpeg', '.png'].
  failed bsb00023110_00052_with_facs.mei: No image found for bsb00023110_00052_with_facs.mei in /home/eggi/Nextcloud/code/public_repos/camat_corpus/DdT_1/01_scheidt_tabulatura_nova_bsb00023110/img with extensions ['.jpg', '.jpeg', '.png'].
  failed bsb00023110_00053_with_facs.mei: No image found for bsb00023110_00053_with_facs.mei in /home/eggi/Nextcloud/code/public_repos/camat_corpus/DdT_1/01_scheidt_tabulatura_nova_bsb00023110/img with extensions ['.jpg', '.jpeg', '.png'].
  failed bsb00023110_00057_with_facs.mei: No image found for bsb00023110_00057_with_facs.mei in /home/eggi/Nextcloud/code/public_repos/camat_corpus/DdT_1/01_scheidt_tabulatura_nova_bsb00023110/img with extensions ['.jpg', '.jpeg', '.png'].
  failed bsb00023110_00059_with_facs.mei: No image found for bsb00023110_00059_with_facs.mei in /home/eggi/Nextcloud/code/public_repos/camat_corpus/DdT_1/01_scheidt_tabulatura_nova_bsb00023110/img with extensions ['.jpg', '.jpeg', '.png'].
  failed bsb00023110_00060_with_facs.mei: No image found for bsb00023110_00060_with_facs.mei in /home/eggi/Nextcloud/code/public_repos/camat_corpus/DdT_1/01_scheidt_tabulatura_nova_bsb00023110/img with extensions ['.jpg', '.jpeg', '.png'].
  failed bsb00023110_00061_with_facs.mei: No image found for bsb00023110_00061_with_facs.mei in /home/eggi/Nextcloud/code/public_repos/camat_corpus/DdT_1/01_scheidt_tabulatura_nova_bsb00023110/img with extensions ['.jpg', '.jpeg', '.png'].
  failed bsb00023110_00062_with_facs.mei: No image found for bsb00023110_00062_with_facs.mei in /home/eggi/Nextcloud/code/public_repos/camat_corpus/DdT_1/01_scheidt_tabulatura_nova_bsb00023110/img with extensions ['.jpg', '.jpeg', '.png'].
  failed bsb00023110_00063_with_facs.mei: No image found for bsb00023110_00063_with_facs.mei in /home/eggi/Nextcloud/code/public_repos/camat_corpus/DdT_1/01_scheidt_tabulatura_nova_bsb00023110/img with extensions ['.jpg', '.jpeg', '.png'].
  failed bsb00023110_00064_with_facs.mei: No image found for bsb00023110_00064_with_facs.mei in /home/eggi/Nextcloud/code/public_repos/camat_corpus/DdT_1/01_scheidt_tabulatura_nova_bsb00023110/img with extensions ['.jpg', '.jpeg', '.png'].
  failed bsb00023110_00065_with_facs.mei: No image found for bsb00023110_00065_with_facs.mei in /home/eggi/Nextcloud/code/public_repos/camat_corpus/DdT_1/01_scheidt_tabulatura_nova_bsb00023110/img with extensions ['.jpg', '.jpeg', '.png'].
  failed bsb00023110_00067_with_facs.mei: No image found for bsb00023110_00067_with_facs.mei in /home/eggi/Nextcloud/code/public_repos/camat_corpus/DdT_1/01_scheidt_tabulatura_nova_bsb00023110/img with extensions ['.jpg', '.jpeg', '.png'].
  failed bsb00023110_00068_with_facs.mei: No image found for bsb00023110_00068_with_facs.mei in /home/eggi/Nextcloud/code/public_repos/camat_corpus/DdT_1/01_scheidt_tabulatura_nova_bsb00023110/img with extensions ['.jpg', '.jpeg', '.png'].
  failed bsb00023110_00070.mei: Measure numbering does not align between the source and annotations MEI. mismatch count=7, allowed=1; source count=48 numbers=[1, 2, 3, 4, ..., 45, 46, 47, 48]; annotations count=41 numbers=[1, 2, 3, 4, ..., 38, 39, 40, 41]
  failed bsb00023110_00071.mei: Measure numbering does not align between the source and annotations MEI. mismatch count=2, allowed=1; source count=32 numbers=[1, 2, 3, 4, ..., 29, 30, 31, 32]; annotations count=34 numbers=[1, 2, 3, 4, ..., 31, 32, 33, 34]
  failed bsb00023110_00072_with_facs.mei: No image found for bsb00023110_00072_with_facs.mei in /home/eggi/Nextcloud/code/public_repos/camat_corpus/DdT_1/01_scheidt_tabulatura_nova_bsb00023110/img with extensions ['.jpg', '.jpeg', '.png'].
  failed bsb00023110_00074.mei: Measure numbering does not align between the source and annotations MEI. mismatch count=3, allowed=1; source count=23 numbers=[1, 2, 3, 4, ..., 20, 21, 22, 23]; annotations count=26 numbers=[1, 2, 3, 4, ..., 23, 24, 25, 26]
  failed bsb00023110_00075_with_facs.mei: No image found for bsb00023110_00075_with_facs.mei in /home/eggi/Nextcloud/code/public_repos/camat_corpus/DdT_1/01_scheidt_tabulatura_nova_bsb00023110/img with extensions ['.jpg', '.jpeg', '.png'].
  failed bsb00023110_00076_with_facs.mei: No image found for bsb00023110_00076_with_facs.mei in /home/eggi/Nextcloud/code/public_repos/camat_corpus/DdT_1/01_scheidt_tabulatura_nova_bsb00023110/img with extensions ['.jpg', '.jpeg', '.png'].
  failed bsb00023110_00077_with_facs.mei: No image found for bsb00023110_00077_with_facs.mei in /home/eggi/Nextcloud/code/public_repos/camat_corpus/DdT_1/01_scheidt_tabulatura_nova_bsb00023110/img with extensions ['.jpg', '.jpeg', '.png'].
  failed bsb00023110_00078_with_facs.mei: No image found for bsb00023110_00078_with_facs.mei in /home/eggi/Nextcloud/code/public_repos/camat_corpus/DdT_1/01_scheidt_tabulatura_nova_bsb00023110/img with extensions ['.jpg', '.jpeg', '.png'].
  failed bsb00023110_00079_with_facs.mei: No image found for bsb00023110_00079_with_facs.mei in /home/eggi/Nextcloud/code/public_repos/camat_corpus/DdT_1/01_scheidt_tabulatura_nova_bsb00023110/img with extensions ['.jpg', '.jpeg', '.png'].
  failed bsb00023110_00080_with_facs.mei: No image found for bsb00023110_00080_with_facs.mei in /home/eggi/Nextcloud/code/public_repos/camat_corpus/DdT_1/01_scheidt_tabulatura_nova_bsb00023110/img with extensions ['.jpg', '.jpeg', '.png'].
  failed bsb00023110_00081_with_facs.mei: No image found for bsb00023110_00081_with_facs.mei in /home/eggi/Nextcloud/code/public_repos/camat_corpus/DdT_1/01_scheidt_tabulatura_nova_bsb00023110/img with extensions ['.jpg', '.jpeg', '.png'].
  failed bsb00023110_00082_with_facs.mei: No image found for bsb00023110_00082_with_facs.mei in /home/eggi/Nextcloud/code/public_repos/camat_corpus/DdT_1/01_scheidt_tabulatura_nova_bsb00023110/img with extensions ['.jpg', '.jpeg', '.png'].
  failed bsb00023110_00083_with_facs.mei: No image found for bsb00023110_00083_with_facs.mei in /home/eggi/Nextcloud/code/public_repos/camat_corpus/DdT_1/01_scheidt_tabulatura_nova_bsb00023110/img with extensions ['.jpg', '.jpeg', '.png'].
  failed bsb00023110_00085_with_facs.mei: No image found for bsb00023110_00085_with_facs.mei in /home/eggi/Nextcloud/code/public_repos/camat_corpus/DdT_1/01_scheidt_tabulatura_nova_bsb00023110/img with extensions ['.jpg', '.jpeg', '.png'].
  failed bsb00023110_00086_with_facs.mei: No image found for bsb00023110_00086_with_facs.mei in /home/eggi/Nextcloud/code/public_repos/camat_corpus/DdT_1/01_scheidt_tabulatura_nova_bsb00023110/img with extensions ['.jpg', '.jpeg', '.png'].
  failed bsb00023110_00087_with_facs.mei: No image found for bsb00023110_00087_with_facs.mei in /home/eggi/Nextcloud/code/public_repos/camat_corpus/DdT_1/01_scheidt_tabulatura_nova_bsb00023110/img with extensions ['.jpg', '.jpeg', '.png'].
  failed bsb00023110_00089_with_facs.mei: No image found for bsb00023110_00089_with_facs.mei in /home/eggi/Nextcloud/code/public_repos/camat_corpus/DdT_1/01_scheidt_tabulatura_nova_bsb00023110/img with extensions ['.jpg', '.jpeg', '.png'].
  failed bsb00023110_00090_with_facs.mei: No image found for bsb00023110_00090_with_facs.mei in /home/eggi/Nextcloud/code/public_repos/camat_corpus/DdT_1/01_scheidt_tabulatura_nova_bsb00023110/img with extensions ['.jpg', '.jpeg', '.png'].
  failed bsb00023110_00091_with_facs.mei: No image found for bsb00023110_00091_with_facs.mei in /home/eggi/Nextcloud/code/public_repos/camat_corpus/DdT_1/01_scheidt_tabulatura_nova_bsb00023110/img with extensions ['.jpg', '.jpeg', '.png'].
  failed bsb00023110_00092_with_facs.mei: No image found for bsb00023110_00092_with_facs.mei in /home/eggi/Nextcloud/code/public_repos/camat_corpus/DdT_1/01_scheidt_tabulatura_nova_bsb00023110/img with extensions ['.jpg', '.jpeg', '.png'].
  failed bsb00023110_00093_with_facs.mei: No image found for bsb00023110_00093_with_facs.mei in /home/eggi/Nextcloud/code/public_repos/camat_corpus/DdT_1/01_scheidt_tabulatura_nova_bsb00023110/img with extensions ['.jpg', '.jpeg', '.png'].
  failed bsb00023110_00094_with_facs.mei: No image found for bsb00023110_00094_with_facs.mei in /home/eggi/Nextcloud/code/public_repos/camat_corpus/DdT_1/01_scheidt_tabulatura_nova_bsb00023110/img with extensions ['.jpg', '.jpeg', '.png'].
  failed bsb00023110_00095_with_facs.mei: No image found for bsb00023110_00095_with_facs.mei in /home/eggi/Nextcloud/code/public_repos/camat_corpus/DdT_1/01_scheidt_tabulatura_nova_bsb00023110/img with extensions ['.jpg', '.jpeg', '.png'].
  failed bsb00023110_00096_with_facs.mei: No image found for bsb00023110_00096_with_facs.mei in /home/eggi/Nextcloud/code/public_repos/camat_corpus/DdT_1/01_scheidt_tabulatura_nova_bsb00023110/img with extensions ['.jpg', '.jpeg', '.png'].
  failed bsb00023110_00097_with_facs.mei: No image found for bsb00023110_00097_with_facs.mei in /home/eggi/Nextcloud/code/public_repos/camat_corpus/DdT_1/01_scheidt_tabulatura_nova_bsb00023110/img with extensions ['.jpg', '.jpeg', '.png'].
  failed bsb00023110_00099_with_facs.mei: No image found for bsb00023110_00099_with_facs.mei in /home/eggi/Nextcloud/code/public_repos/camat_corpus/DdT_1/01_scheidt_tabulatura_nova_bsb00023110/img with extensions ['.jpg', '.jpeg', '.png'].
  failed bsb00023110_00100_with_facs.mei: No image found for bsb00023110_00100_with_facs.mei in /home/eggi/Nextcloud/code/public_repos/camat_corpus/DdT_1/01_scheidt_tabulatura_nova_bsb00023110/img with extensions ['.jpg', '.jpeg', '.png'].
  failed bsb00023110_00101_with_facs.mei: No image found for bsb00023110_00101_with_facs.mei in /home/eggi/Nextcloud/code/public_repos/camat_corpus/DdT_1/01_scheidt_tabulatura_nova_bsb00023110/img with extensions ['.jpg', '.jpeg', '.png'].
  failed bsb00023110_00102_with_facs.mei: No image found for bsb00023110_00102_with_facs.mei in /home/eggi/Nextcloud/code/public_repos/camat_corpus/DdT_1/01_scheidt_tabulatura_nova_bsb00023110/img with extensions ['.jpg', '.jpeg', '.png'].
  failed bsb00023110_00103_with_facs.mei: No image found for bsb00023110_00103_with_facs.mei in /home/eggi/Nextcloud/code/public_repos/camat_corpus/DdT_1/01_scheidt_tabulatura_nova_bsb00023110/img with extensions ['.jpg', '.jpeg', '.png'].
  failed bsb00023110_00108.mei: Measure numbering does not align between the source and annotations MEI. mismatch count=4, allowed=1; source count=9 numbers=[1, 2, 3, 4, ..., 6, 7, 8, 9]; annotations count=5 numbers=[1, 2, 3, 4, 5]
  failed bsb00023110_00110_with_facs.mei: No image found for bsb00023110_00110_with_facs.mei in /home/eggi/Nextcloud/code/public_repos/camat_corpus/DdT_1/01_scheidt_tabulatura_nova_bsb00023110/img with extensions ['.jpg', '.jpeg', '.png'].
  failed bsb00023110_00111_with_facs.mei: No image found for bsb00023110_00111_with_facs.mei in /home/eggi/Nextcloud/code/public_repos/camat_corpus/DdT_1/01_scheidt_tabulatura_nova_bsb00023110/img with extensions ['.jpg', '.jpeg', '.png'].
  failed bsb00023110_00112_with_facs.mei: No image found for bsb00023110_00112_with_facs.mei in /home/eggi/Nextcloud/code/public_repos/camat_corpus/DdT_1/01_scheidt_tabulatura_nova_bsb00023110/img with extensions ['.jpg', '.jpeg', '.png'].
  failed bsb00023110_00113_with_facs.mei: No image found for bsb00023110_00113_with_facs.mei in /home/eggi/Nextcloud/code/public_repos/camat_corpus/DdT_1/01_scheidt_tabulatura_nova_bsb00023110/img with extensions ['.jpg', '.jpeg', '.png'].
  failed bsb00023110_00115_with_facs.mei: No image found for bsb00023110_00115_with_facs.mei in /home/eggi/Nextcloud/code/public_repos/camat_corpus/DdT_1/01_scheidt_tabulatura_nova_bsb00023110/img with extensions ['.jpg', '.jpeg', '.png'].
  failed bsb00023110_00117_with_facs.mei: No image found for bsb00023110_00117_with_facs.mei in /home/eggi/Nextcloud/code/public_repos/camat_corpus/DdT_1/01_scheidt_tabulatura_nova_bsb00023110/img with extensions ['.jpg', '.jpeg', '.png'].
  failed bsb00023110_00118_with_facs.mei: No image found for bsb00023110_00118_with_facs.mei in /home/eggi/Nextcloud/code/public_repos/camat_corpus/DdT_1/01_scheidt_tabulatura_nova_bsb00023110/img with extensions ['.jpg', '.jpeg', '.png'].
  failed bsb00023110_00119_with_facs.mei: No image found for bsb00023110_00119_with_facs.mei in /home/eggi/Nextcloud/code/public_repos/camat_corpus/DdT_1/01_scheidt_tabulatura_nova_bsb00023110/img with extensions ['.jpg', '.jpeg', '.png'].
  failed bsb00023110_00120_with_facs.mei: No image found for bsb00023110_00120_with_facs.mei in /home/eggi/Nextcloud/code/public_repos/camat_corpus/DdT_1/01_scheidt_tabulatura_nova_bsb00023110/img with extensions ['.jpg', '.jpeg', '.png'].
  failed bsb00023110_00121_with_facs.mei: No image found for bsb00023110_00121_with_facs.mei in /home/eggi/Nextcloud/code/public_repos/camat_corpus/DdT_1/01_scheidt_tabulatura_nova_bsb00023110/img with extensions ['.jpg', '.jpeg', '.png'].
  failed bsb00023110_00122_with_facs.mei: No image found for bsb00023110_00122_with_facs.mei in /home/eggi/Nextcloud/code/public_repos/camat_corpus/DdT_1/01_scheidt_tabulatura_nova_bsb00023110/img with extensions ['.jpg', '.jpeg', '.png'].
  failed bsb00023110_00123_with_facs.mei: No image found for bsb00023110_00123_with_facs.mei in /home/eggi/Nextcloud/code/public_repos/camat_corpus/DdT_1/01_scheidt_tabulatura_nova_bsb00023110/img with extensions ['.jpg', '.jpeg', '.png'].
  failed bsb00023110_00124_with_facs.mei: No image found for bsb00023110_00124_with_facs.mei in /home/eggi/Nextcloud/code/public_repos/camat_corpus/DdT_1/01_scheidt_tabulatura_nova_bsb00023110/img with extensions ['.jpg', '.jpeg', '.png'].
  failed bsb00023110_00125_with_facs.mei: No image found for bsb00023110_00125_with_facs.mei in /home/eggi/Nextcloud/code/public_repos/camat_corpus/DdT_1/01_scheidt_tabulatura_nova_bsb00023110/img with extensions ['.jpg', '.jpeg', '.png'].
  failed bsb00023110_00126_with_facs.mei: No image found for bsb00023110_00126_with_facs.mei in /home/eggi/Nextcloud/code/public_repos/camat_corpus/DdT_1/01_scheidt_tabulatura_nova_bsb00023110/img with extensions ['.jpg', '.jpeg', '.png'].
  failed bsb00023110_00127_with_facs.mei: No image found for bsb00023110_00127_with_facs.mei in /home/eggi/Nextcloud/code/public_repos/camat_corpus/DdT_1/01_scheidt_tabulatura_nova_bsb00023110/img with extensions ['.jpg', '.jpeg', '.png'].
  failed bsb00023110_00129_with_facs.mei: No image found for bsb00023110_00129_with_facs.mei in /home/eggi/Nextcloud/code/public_repos/camat_corpus/DdT_1/01_scheidt_tabulatura_nova_bsb00023110/img with extensions ['.jpg', '.jpeg', '.png'].
  failed bsb00023110_00130_with_facs.mei: No image found for bsb00023110_00130_with_facs.mei in /home/eggi/Nextcloud/code/public_repos/camat_corpus/DdT_1/01_scheidt_tabulatura_nova_bsb00023110/img with extensions ['.jpg', '.jpeg', '.png'].
  failed bsb00023110_00131_with_facs.mei: No image found for bsb00023110_00131_with_facs.mei in /home/eggi/Nextcloud/code/public_repos/camat_corpus/DdT_1/01_scheidt_tabulatura_nova_bsb00023110/img with extensions ['.jpg', '.jpeg', '.png'].
  failed bsb00023110_00132_with_facs.mei: No image found for bsb00023110_00132_with_facs.mei in /home/eggi/Nextcloud/code/public_repos/camat_corpus/DdT_1/01_scheidt_tabulatura_nova_bsb00023110/img with extensions ['.jpg', '.jpeg', '.png'].
  failed bsb00023110_00133_with_facs.mei: No image found for bsb00023110_00133_with_facs.mei in /home/eggi/Nextcloud/code/public_repos/camat_corpus/DdT_1/01_scheidt_tabulatura_nova_bsb00023110/img with extensions ['.jpg', '.jpeg', '.png'].
  failed bsb00023110_00134_with_facs.mei: No image found for bsb00023110_00134_with_facs.mei in /home/eggi/Nextcloud/code/public_repos/camat_corpus/DdT_1/01_scheidt_tabulatura_nova_bsb00023110/img with extensions ['.jpg', '.jpeg', '.png'].
  failed bsb00023110_00135_with_facs.mei: No image found for bsb00023110_00135_with_facs.mei in /home/eggi/Nextcloud/code/public_repos/camat_corpus/DdT_1/01_scheidt_tabulatura_nova_bsb00023110/img with extensions ['.jpg', '.jpeg', '.png'].
  failed bsb00023110_00136_with_facs.mei: No image found for bsb00023110_00136_with_facs.mei in /home/eggi/Nextcloud/code/public_repos/camat_corpus/DdT_1/01_scheidt_tabulatura_nova_bsb00023110/img with extensions ['.jpg', '.jpeg', '.png'].
  failed bsb00023110_00137.mei: Measure numbering does not align between the source and annotations MEI. mismatch count=2, allowed=1; source count=34 numbers=[1, 2, 3, 4, ..., 31, 32, 33, 34]; annotations count=36 numbers=[1, 2, 3, 4, ..., 33, 34, 35, 36]
  failed bsb00023110_00138_with_facs.mei: No image found for bsb00023110_00138_with_facs.mei in /home/eggi/Nextcloud/code/public_repos/camat_corpus/DdT_1/01_scheidt_tabulatura_nova_bsb00023110/img with extensions ['.jpg', '.jpeg', '.png'].
  failed bsb00023110_00139_with_facs.mei: No image found for bsb00023110_00139_with_facs.mei in /home/eggi/Nextcloud/code/public_repos/camat_corpus/DdT_1/01_scheidt_tabulatura_nova_bsb00023110/img with extensions ['.jpg', '.jpeg', '.png'].
  failed bsb00023110_00140_with_facs.mei: No image found for bsb00023110_00140_with_facs.mei in /home/eggi/Nextcloud/code/public_repos/camat_corpus/DdT_1/01_scheidt_tabulatura_nova_bsb00023110/img with extensions ['.jpg', '.jpeg', '.png'].
  failed bsb00023110_00142_with_facs.mei: No image found for bsb00023110_00142_with_facs.mei in /home/eggi/Nextcloud/code/public_repos/camat_corpus/DdT_1/01_scheidt_tabulatura_nova_bsb00023110/img with extensions ['.jpg', '.jpeg', '.png'].
  failed bsb00023110_00143_with_facs.mei: No image found for bsb00023110_00143_with_facs.mei in /home/eggi/Nextcloud/code/public_repos/camat_corpus/DdT_1/01_scheidt_tabulatura_nova_bsb00023110/img with extensions ['.jpg', '.jpeg', '.png'].
  failed bsb00023110_00144_with_facs.mei: No image found for bsb00023110_00144_with_facs.mei in /home/eggi/Nextcloud/code/public_repos/camat_corpus/DdT_1/01_scheidt_tabulatura_nova_bsb00023110/img with extensions ['.jpg', '.jpeg', '.png'].
  failed bsb00023110_00145_with_facs.mei: No image found for bsb00023110_00145_with_facs.mei in /home/eggi/Nextcloud/code/public_repos/camat_corpus/DdT_1/01_scheidt_tabulatura_nova_bsb00023110/img with extensions ['.jpg', '.jpeg', '.png'].
  failed bsb00023110_00146_with_facs.mei: No image found for bsb00023110_00146_with_facs.mei in /home/eggi/Nextcloud/code/public_repos/camat_corpus/DdT_1/01_scheidt_tabulatura_nova_bsb00023110/img with extensions ['.jpg', '.jpeg', '.png'].
  failed bsb00023110_00147_with_facs.mei: No image found for bsb00023110_00147_with_facs.mei in /home/eggi/Nextcloud/code/public_repos/camat_corpus/DdT_1/01_scheidt_tabulatura_nova_bsb00023110/img with extensions ['.jpg', '.jpeg', '.png'].
  failed bsb00023110_00148_with_facs.mei: No image found for bsb00023110_00148_with_facs.mei in /home/eggi/Nextcloud/code/public_repos/camat_corpus/DdT_1/01_scheidt_tabulatura_nova_bsb00023110/img with extensions ['.jpg', '.jpeg', '.png'].
  failed bsb00023110_00149_with_facs.mei: No image found for bsb00023110_00149_with_facs.mei in /home/eggi/Nextcloud/code/public_repos/camat_corpus/DdT_1/01_scheidt_tabulatura_nova_bsb00023110/img with extensions ['.jpg', '.jpeg', '.png'].
  failed bsb00023110_00150_with_facs.mei: No image found for bsb00023110_00150_with_facs.mei in /home/eggi/Nextcloud/code/public_repos/camat_corpus/DdT_1/01_scheidt_tabulatura_nova_bsb00023110/img with extensions ['.jpg', '.jpeg', '.png'].
  failed bsb00023110_00151_with_facs.mei: No image found for bsb00023110_00151_with_facs.mei in /home/eggi/Nextcloud/code/public_repos/camat_corpus/DdT_1/01_scheidt_tabulatura_nova_bsb00023110/img with extensions ['.jpg', '.jpeg', '.png'].
  failed bsb00023110_00153_with_facs.mei: No image found for bsb00023110_00153_with_facs.mei in /home/eggi/Nextcloud/code/public_repos/camat_corpus/DdT_1/01_scheidt_tabulatura_nova_bsb00023110/img with extensions ['.jpg', '.jpeg', '.png'].
  failed bsb00023110_00154_with_facs.mei: No image found for bsb00023110_00154_with_facs.mei in /home/eggi/Nextcloud/code/public_repos/camat_corpus/DdT_1/01_scheidt_tabulatura_nova_bsb00023110/img with extensions ['.jpg', '.jpeg', '.png'].
  failed bsb00023110_00156_with_facs.mei: No image found for bsb00023110_00156_with_facs.mei in /home/eggi/Nextcloud/code/public_repos/camat_corpus/DdT_1/01_scheidt_tabulatura_nova_bsb00023110/img with extensions ['.jpg', '.jpeg', '.png'].
  failed bsb00023110_00158_with_facs.mei: No image found for bsb00023110_00158_with_facs.mei in /home/eggi/Nextcloud/code/public_repos/camat_corpus/DdT_1/01_scheidt_tabulatura_nova_bsb00023110/img with extensions ['.jpg', '.jpeg', '.png'].
  failed bsb00023110_00159_with_facs.mei: No image found for bsb00023110_00159_with_facs.mei in /home/eggi/Nextcloud/code/public_repos/camat_corpus/DdT_1/01_scheidt_tabulatura_nova_bsb00023110/img with extensions ['.jpg', '.jpeg', '.png'].
  failed bsb00023110_00160_with_facs.mei: No image found for bsb00023110_00160_with_facs.mei in /home/eggi/Nextcloud/code/public_repos/camat_corpus/DdT_1/01_scheidt_tabulatura_nova_bsb00023110/img with extensions ['.jpg', '.jpeg', '.png'].
  failed bsb00023110_00161_with_facs.mei: No image found for bsb00023110_00161_with_facs.mei in /home/eggi/Nextcloud/code/public_repos/camat_corpus/DdT_1/01_scheidt_tabulatura_nova_bsb00023110/img with extensions ['.jpg', '.jpeg', '.png'].
  failed bsb00023110_00162_with_facs.mei: No image found for bsb00023110_00162_with_facs.mei in /home/eggi/Nextcloud/code/public_repos/camat_corpus/DdT_1/01_scheidt_tabulatura_nova_bsb00023110/img with extensions ['.jpg', '.jpeg', '.png'].
  failed bsb00023110_00164_with_facs.mei: No image found for bsb00023110_00164_with_facs.mei in /home/eggi/Nextcloud/code/public_repos/camat_corpus/DdT_1/01_scheidt_tabulatura_nova_bsb00023110/img with extensions ['.jpg', '.jpeg', '.png'].
  failed bsb00023110_00165_with_facs.mei: No image found for bsb00023110_00165_with_facs.mei in /home/eggi/Nextcloud/code/public_repos/camat_corpus/DdT_1/01_scheidt_tabulatura_nova_bsb00023110/img with extensions ['.jpg', '.jpeg', '.png'].
  failed bsb00023110_00166_with_facs.mei: No image found for bsb00023110_00166_with_facs.mei in /home/eggi/Nextcloud/code/public_repos/camat_corpus/DdT_1/01_scheidt_tabulatura_nova_bsb00023110/img with extensions ['.jpg', '.jpeg', '.png'].
  failed bsb00023110_00167.mei: Measure numbering does not align between the source and annotations MEI. mismatch count=2, allowed=1; source count=46 numbers=[1, 2, 3, 4, ..., 43, 44, 45, 46]; annotations count=48 numbers=[1, 2, 3, 4, ..., 45, 46, 47, 48]
  failed bsb00023110_00168_with_facs.mei: No image found for bsb00023110_00168_with_facs.mei in /home/eggi/Nextcloud/code/public_repos/camat_corpus/DdT_1/01_scheidt_tabulatura_nova_bsb00023110/img with extensions ['.jpg', '.jpeg', '.png'].
  failed bsb00023110_00169_with_facs.mei: No image found for bsb00023110_00169_with_facs.mei in /home/eggi/Nextcloud/code/public_repos/camat_corpus/DdT_1/01_scheidt_tabulatura_nova_bsb00023110/img with extensions ['.jpg', '.jpeg', '.png'].
  failed bsb00023110_00171_with_facs.mei: No image found for bsb00023110_00171_with_facs.mei in /home/eggi/Nextcloud/code/public_repos/camat_corpus/DdT_1/01_scheidt_tabulatura_nova_bsb00023110/img with extensions ['.jpg', '.jpeg', '.png'].
  failed bsb00023110_00176.mei: HTTP 500 from detector: Internal Server Error
  failed bsb00023110_00177_with_facs.mei: No image found for bsb00023110_00177_with_facs.mei in /home/eggi/Nextcloud/code/public_repos/camat_corpus/DdT_1/01_scheidt_tabulatura_nova_bsb00023110/img with extensions ['.jpg', '.jpeg', '.png'].
  failed bsb00023110_00180.mei: Measure numbering does not align between the source and annotations MEI. mismatch count=2, allowed=1; source count=36 numbers=[1, 2, 3, 4, ..., 33, 34, 35, 36]; annotations count=38 numbers=[1, 2, 3, 4, ..., 35, 36, 37, 38]
  failed bsb00023110_00181.mei: Measure numbering does not align between the source and annotations MEI. mismatch count=2, allowed=1; source count=31 numbers=[1, 2, 3, 4, ..., 28, 29, 30, 31]; annotations count=33 numbers=[1, 2, 3, 4, ..., 30, 31, 32, 33]
  failed bsb00023110_00182_with_facs.mei: No image found for bsb00023110_00182_with_facs.mei in /home/eggi/Nextcloud/code/public_repos/camat_corpus/DdT_1/01_scheidt_tabulatura_nova_bsb00023110/img with extensions ['.jpg', '.jpeg', '.png'].
  failed bsb00023110_00183_with_facs.mei: No image found for bsb00023110_00183_with_facs.mei in /home/eggi/Nextcloud/code/public_repos/camat_corpus/DdT_1/01_scheidt_tabulatura_nova_bsb00023110/img with extensions ['.jpg', '.jpeg', '.png'].
  failed bsb00023110_00184_with_facs.mei: No image found for bsb00023110_00184_with_facs.mei in /home/eggi/Nextcloud/code/public_repos/camat_corpus/DdT_1/01_scheidt_tabulatura_nova_bsb00023110/img with extensions ['.jpg', '.jpeg', '.png'].
  failed bsb00023110_00186.mei: Measure numbering does not align between the source and annotations MEI. mismatch count=2, allowed=1; source count=32 numbers=[1, 2, 3, 4, ..., 29, 30, 31, 32]; annotations count=34 numbers=[1, 2, 3, 4, ..., 31, 32, 33, 34]
  failed bsb00023110_00187_with_facs.mei: No image found for bsb00023110_00187_with_facs.mei in /home/eggi/Nextcloud/code/public_repos/camat_corpus/DdT_1/01_scheidt_tabulatura_nova_bsb00023110/img with extensions ['.jpg', '.jpeg', '.png'].
  failed bsb00023110_00188_with_facs.mei: No image found for bsb00023110_00188_with_facs.mei in /home/eggi/Nextcloud/code/public_repos/camat_corpus/DdT_1/01_scheidt_tabulatura_nova_bsb00023110/img with extensions ['.jpg', '.jpeg', '.png'].
  failed bsb00023110_00189_with_facs.mei: No image found for bsb00023110_00189_with_facs.mei in /home/eggi/Nextcloud/code/public_repos/camat_corpus/DdT_1/01_scheidt_tabulatura_nova_bsb00023110/img with extensions ['.jpg', '.jpeg', '.png'].
  failed bsb00023110_00190_with_facs.mei: No image found for bsb00023110_00190_with_facs.mei in /home/eggi/Nextcloud/code/public_repos/camat_corpus/DdT_1/01_scheidt_tabulatura_nova_bsb00023110/img with extensions ['.jpg', '.jpeg', '.png'].
  failed bsb00023110_00191_with_facs.mei: No image found for bsb00023110_00191_with_facs.mei in /home/eggi/Nextcloud/code/public_repos/camat_corpus/DdT_1/01_scheidt_tabulatura_nova_bsb00023110/img with extensions ['.jpg', '.jpeg', '.png'].
  failed bsb00023110_00192_with_facs.mei: No image found for bsb00023110_00192_with_facs.mei in /home/eggi/Nextcloud/code/public_repos/camat_corpus/DdT_1/01_scheidt_tabulatura_nova_bsb00023110/img with extensions ['.jpg', '.jpeg', '.png'].
  failed bsb00023110_00193_with_facs.mei: No image found for bsb00023110_00193_with_facs.mei in /home/eggi/Nextcloud/code/public_repos/camat_corpus/DdT_1/01_scheidt_tabulatura_nova_bsb00023110/img with extensions ['.jpg', '.jpeg', '.png'].
  failed bsb00023110_00195_with_facs.mei: No image found for bsb00023110_00195_with_facs.mei in /home/eggi/Nextcloud/code/public_repos/camat_corpus/DdT_1/01_scheidt_tabulatura_nova_bsb00023110/img with extensions ['.jpg', '.jpeg', '.png'].
  failed bsb00023110_00197_with_facs.mei: No image found for bsb00023110_00197_with_facs.mei in /home/eggi/Nextcloud/code/public_repos/camat_corpus/DdT_1/01_scheidt_tabulatura_nova_bsb00023110/img with extensions ['.jpg', '.jpeg', '.png'].
  failed bsb00023110_00198_with_facs.mei: No image found for bsb00023110_00198_with_facs.mei in /home/eggi/Nextcloud/code/public_repos/camat_corpus/DdT_1/01_scheidt_tabulatura_nova_bsb00023110/img with extensions ['.jpg', '.jpeg', '.png'].
  failed bsb00023110_00199_with_facs.mei: No image found for bsb00023110_00199_with_facs.mei in /home/eggi/Nextcloud/code/public_repos/camat_corpus/DdT_1/01_scheidt_tabulatura_nova_bsb00023110/img with extensions ['.jpg', '.jpeg', '.png'].
  failed bsb00023110_00200_with_facs.mei: No image found for bsb00023110_00200_with_facs.mei in /home/eggi/Nextcloud/code/public_repos/camat_corpus/DdT_1/01_scheidt_tabulatura_nova_bsb00023110/img with extensions ['.jpg', '.jpeg', '.png'].
  failed bsb00023110_00201_with_facs.mei: No image found for bsb00023110_00201_with_facs.mei in /home/eggi/Nextcloud/code/public_repos/camat_corpus/DdT_1/01_scheidt_tabulatura_nova_bsb00023110/img with extensions ['.jpg', '.jpeg', '.png'].
  failed bsb00023110_00202_with_facs.mei: No image found for bsb00023110_00202_with_facs.mei in /home/eggi/Nextcloud/code/public_repos/camat_corpus/DdT_1/01_scheidt_tabulatura_nova_bsb00023110/img with extensions ['.jpg', '.jpeg', '.png'].
  failed bsb00023110_00203_with_facs.mei: No image found for bsb00023110_00203_with_facs.mei in /home/eggi/Nextcloud/code/public_repos/camat_corpus/DdT_1/01_scheidt_tabulatura_nova_bsb00023110/img with extensions ['.jpg', '.jpeg', '.png'].
  failed bsb00023110_00204_with_facs.mei: No image found for bsb00023110_00204_with_facs.mei in /home/eggi/Nextcloud/code/public_repos/camat_corpus/DdT_1/01_scheidt_tabulatura_nova_bsb00023110/img with extensions ['.jpg', '.jpeg', '.png'].
  failed bsb00023110_00205_with_facs.mei: No image found for bsb00023110_00205_with_facs.mei in /home/eggi/Nextcloud/code/public_repos/camat_corpus/DdT_1/01_scheidt_tabulatura_nova_bsb00023110/img with extensions ['.jpg', '.jpeg', '.png'].
  failed bsb00023110_00206_with_facs.mei: No image found for bsb00023110_00206_with_facs.mei in /home/eggi/Nextcloud/code/public_repos/camat_corpus/DdT_1/01_scheidt_tabulatura_nova_bsb00023110/img with extensions ['.jpg', '.jpeg', '.png'].
  failed bsb00023110_00207_with_facs.mei: No image found for bsb00023110_00207_with_facs.mei in /home/eggi/Nextcloud/code/public_repos/camat_corpus/DdT_1/01_scheidt_tabulatura_nova_bsb00023110/img with extensions ['.jpg', '.jpeg', '.png'].
  failed bsb00023110_00208_with_facs.mei: No image found for bsb00023110_00208_with_facs.mei in /home/eggi/Nextcloud/code/public_repos/camat_corpus/DdT_1/01_scheidt_tabulatura_nova_bsb00023110/img with extensions ['.jpg', '.jpeg', '.png'].
  failed bsb00023110_00209_with_facs.mei: No image found for bsb00023110_00209_with_facs.mei in /home/eggi/Nextcloud/code/public_repos/camat_corpus/DdT_1/01_scheidt_tabulatura_nova_bsb00023110/img with extensions ['.jpg', '.jpeg', '.png'].
  failed bsb00023110_00210_with_facs.mei: No image found for bsb00023110_00210_with_facs.mei in /home/eggi/Nextcloud/code/public_repos/camat_corpus/DdT_1/01_scheidt_tabulatura_nova_bsb00023110/img with extensions ['.jpg', '.jpeg', '.png'].
  failed bsb00023110_00211_with_facs.mei: No image found for bsb00023110_00211_with_facs.mei in /home/eggi/Nextcloud/code/public_repos/camat_corpus/DdT_1/01_scheidt_tabulatura_nova_bsb00023110/img with extensions ['.jpg', '.jpeg', '.png'].
  failed bsb00023110_00212.mei: Measure numbering does not align between the source and annotations MEI. mismatch count=2, allowed=1; source count=39 numbers=[1, 2, 3, 4, ..., 36, 37, 38, 39]; annotations count=41 numbers=[1, 2, 3, 4, ..., 38, 39, 40, 41]
  failed bsb00023110_00214_with_facs.mei: No image found for bsb00023110_00214_with_facs.mei in /home/eggi/Nextcloud/code/public_repos/camat_corpus/DdT_1/01_scheidt_tabulatura_nova_bsb00023110/img with extensions ['.jpg', '.jpeg', '.png'].
  failed bsb00023110_00216_with_facs.mei: No image found for bsb00023110_00216_with_facs.mei in /home/eggi/Nextcloud/code/public_repos/camat_corpus/DdT_1/01_scheidt_tabulatura_nova_bsb00023110/img with extensions ['.jpg', '.jpeg', '.png'].
  failed bsb00023110_00217_with_facs.mei: No image found for bsb00023110_00217_with_facs.mei in /home/eggi/Nextcloud/code/public_repos/camat_corpus/DdT_1/01_scheidt_tabulatura_nova_bsb00023110/img with extensions ['.jpg', '.jpeg', '.png'].
  failed bsb00023110_00218_with_facs.mei: No image found for bsb00023110_00218_with_facs.mei in /home/eggi/Nextcloud/code/public_repos/camat_corpus/DdT_1/01_scheidt_tabulatura_nova_bsb00023110/img with extensions ['.jpg', '.jpeg', '.png'].
  failed bsb00023110_00220_with_facs.mei: No image found for bsb00023110_00220_with_facs.mei in /home/eggi/Nextcloud/code/public_repos/camat_corpus/DdT_1/01_scheidt_tabulatura_nova_bsb00023110/img with extensions ['.jpg', '.jpeg', '.png'].
  failed bsb00023110_00222_with_facs.mei: No image found for bsb00023110_00222_with_facs.mei in /home/eggi/Nextcloud/code/public_repos/camat_corpus/DdT_1/01_scheidt_tabulatura_nova_bsb00023110/img with extensions ['.jpg', '.jpeg', '.png'].
  failed bsb00023110_00223_with_facs.mei: No image found for bsb00023110_00223_with_facs.mei in /home/eggi/Nextcloud/code/public_repos/camat_corpus/DdT_1/01_scheidt_tabulatura_nova_bsb00023110/img with extensions ['.jpg', '.jpeg', '.png'].
  failed bsb00023110_00225_with_facs.mei: No image found for bsb00023110_00225_with_facs.mei in /home/eggi/Nextcloud/code/public_repos/camat_corpus/DdT_1/01_scheidt_tabulatura_nova_bsb00023110/img with extensions ['.jpg', '.jpeg', '.png'].
  failed bsb00023110_00226_with_facs.mei: No image found for bsb00023110_00226_with_facs.mei in /home/eggi/Nextcloud/code/public_repos/camat_corpus/DdT_1/01_scheidt_tabulatura_nova_bsb00023110/img with extensions ['.jpg', '.jpeg', '.png'].
  failed bsb00023110_00227_with_facs.mei: No image found for bsb00023110_00227_with_facs.mei in /home/eggi/Nextcloud/code/public_repos/camat_corpus/DdT_1/01_scheidt_tabulatura_nova_bsb00023110/img with extensions ['.jpg', '.jpeg', '.png'].
  failed bsb00023110_00228_with_facs.mei: No image found for bsb00023110_00228_with_facs.mei in /home/eggi/Nextcloud/code/public_repos/camat_corpus/DdT_1/01_scheidt_tabulatura_nova_bsb00023110/img with extensions ['.jpg', '.jpeg', '.png'].
  failed bsb00023110_00229_with_facs.mei: No image found for bsb00023110_00229_with_facs.mei in /home/eggi/Nextcloud/code/public_repos/camat_corpus/DdT_1/01_scheidt_tabulatura_nova_bsb00023110/img with extensions ['.jpg', '.jpeg', '.png'].
  failed bsb00023110_00230_with_facs.mei: No image found for bsb00023110_00230_with_facs.mei in /home/eggi/Nextcloud/code/public_repos/camat_corpus/DdT_1/01_scheidt_tabulatura_nova_bsb00023110/img with extensions ['.jpg', '.jpeg', '.png'].
  failed bsb00023110_00231_with_facs.mei: No image found for bsb00023110_00231_with_facs.mei in /home/eggi/Nextcloud/code/public_repos/camat_corpus/DdT_1/01_scheidt_tabulatura_nova_bsb00023110/img with extensions ['.jpg', '.jpeg', '.png'].
  failed bsb00023110_00232_with_facs.mei: No image found for bsb00023110_00232_with_facs.mei in /home/eggi/Nextcloud/code/public_repos/camat_corpus/DdT_1/01_scheidt_tabulatura_nova_bsb00023110/img with extensions ['.jpg', '.jpeg', '.png'].
  failed bsb00023110_00233_with_facs.mei: No image found for bsb00023110_00233_with_facs.mei in /home/eggi/Nextcloud/code/public_repos/camat_corpus/DdT_1/01_scheidt_tabulatura_nova_bsb00023110/img with extensions ['.jpg', '.jpeg', '.png'].
  failed bsb00023110_00234_with_facs.mei: No image found for bsb00023110_00234_with_facs.mei in /home/eggi/Nextcloud/code/public_repos/camat_corpus/DdT_1/01_scheidt_tabulatura_nova_bsb00023110/img with extensions ['.jpg', '.jpeg', '.png'].
  failed bsb00023110_00235_with_facs.mei: No image found for bsb00023110_00235_with_facs.mei in /home/eggi/Nextcloud/code/public_repos/camat_corpus/DdT_1/01_scheidt_tabulatura_nova_bsb00023110/img with extensions ['.jpg', '.jpeg', '.png'].
  failed bsb00023110_00236_with_facs.mei: No image found for bsb00023110_00236_with_facs.mei in /home/eggi/Nextcloud/code/public_repos/camat_corpus/DdT_1/01_scheidt_tabulatura_nova_bsb00023110/img with extensions ['.jpg', '.jpeg', '.png'].
  failed bsb00023110_00237_with_facs.mei: No image found for bsb00023110_00237_with_facs.mei in /home/eggi/Nextcloud/code/public_repos/camat_corpus/DdT_1/01_scheidt_tabulatura_nova_bsb00023110/img with extensions ['.jpg', '.jpeg', '.png'].
  failed bsb00023110_00238_with_facs.mei: No image found for bsb00023110_00238_with_facs.mei in /home/eggi/Nextcloud/code/public_repos/camat_corpus/DdT_1/01_scheidt_tabulatura_nova_bsb00023110/img with extensions ['.jpg', '.jpeg', '.png'].
  failed bsb00023110_00240_with_facs.mei: No image found for bsb00023110_00240_with_facs.mei in /home/eggi/Nextcloud/code/public_repos/camat_corpus/DdT_1/01_scheidt_tabulatura_nova_bsb00023110/img with extensions ['.jpg', '.jpeg', '.png'].
  failed bsb00023110_00241_with_facs.mei: No image found for bsb00023110_00241_with_facs.mei in /home/eggi/Nextcloud/code/public_repos/camat_corpus/DdT_1/01_scheidt_tabulatura_nova_bsb00023110/img with extensions ['.jpg', '.jpeg', '.png'].
  failed bsb00023110_00242_with_facs.mei: No image found for bsb00023110_00242_with_facs.mei in /home/eggi/Nextcloud/code/public_repos/camat_corpus/DdT_1/01_scheidt_tabulatura_nova_bsb00023110/img with extensions ['.jpg', '.jpeg', '.png'].
  failed bsb00023110_00243_with_facs.mei: No image found for bsb00023110_00243_with_facs.mei in /home/eggi/Nextcloud/code/public_repos/camat_corpus/DdT_1/01_scheidt_tabulatura_nova_bsb00023110/img with extensions ['.jpg', '.jpeg', '.png'].
  failed bsb00023110_00244.mei: Measure numbering does not align between the source and annotations MEI. mismatch count=20, allowed=1; source count=24 numbers=[1, 2, 3, 4, ..., 21, 22, 23, 24]; annotations count=4 numbers=[1, 2, 3, 4]
